Gene	Study of Origin	Sample ID	Cancer Type	Cancer Type Detailed	Protein Change	Annotation	Custom Driver	Custom Driver Tiers	Functional Impact	Mutation Type	Variant Type	Copy #	MS	VS	Center	Chromosome	Start Pos	End Pos	Ref	Var	HGVSg	HGVSc	Allele Freq (T)	Allele Freq (N)	Variant Reads	Ref Reads	Variant Reads (Normal)	Ref Reads (Normal)	# Mut in Sample	Exon	gnomAD	ClinVar	dbSNP	SIGNAL	Diagnosis Age	Age At Surgery	Death from Initial Pathologic Diagnosis Date	Days to Last Followup	Fraction Genome Altered	Neoadjuvant Therapy Type Administered Prior To Resection Text	Prior Cancer Diagnosis Occurence	M Stage	N Stage	Oncotree Code	Overall Survival (Months)	Overall Survival Status	Number of Samples Per Patient	Sex	Smoking History	Person Cigarette Smoking History Pack Year Value	Somatic Status	Stage	TMB (nonsynonymous)	T Stage
KEAP1	Pan-Lung Cancer (TCGA, Nat Genet 2016)	TCGA-XC-AA0X-01	Non-Small Cell Lung Cancer	Lung Squamous Cell Carcinoma	R135H	OncoKB: Likely Oncogenic, level NA, resistance NA;CIViC: NA;CancerHotspot: no;3DHotspot: no			MutationAssessor: impact: low, score: 4.835094220488653;SIFT: impact: deleterious, score: 0.01;Polyphen-2: impact: probably_damaging, score: 0.989;AlphaMissense: pathogenicity: benign, score: 0.2731	Missense_Mutation	SNP	ShallowDel	Somatic	NA	broad.mit.edu	19	10610306	10610306	C	T	19:g.10610306C>T	ENST00000171111.5:c.404G>A	0.20		5	20		35	185	2/6					77.0		6.0		0.0357	No	No	M0	N0	LUSC	0.2	1:DECEASED	1	Female	Current Smoker	30.0	Matched	IA	6.166666667	T1a
KEAP1	Pan-Lung Cancer (TCGA, Nat Genet 2016)	TCGA-O2-A52Q-01	Non-Small Cell Lung Cancer	Lung Squamous Cell Carcinoma	R554Q	OncoKB: Unknown, level NA, resistance NA;CIViC: NA;CancerHotspot: no;3DHotspot: no			MutationAssessor: impact: medium, score: 6.271772191242235;SIFT: impact: deleterious, score: 0;Polyphen-2: impact: probably_damaging, score: 1;AlphaMissense: pathogenicity: pathogenic, score: 0.9887	Missense_Mutation	SNP	ShallowDel	Somatic	NA	broad.mit.edu	19	10599915	10599915	C	T	19:g.10599915C>T	ENST00000171111.5:c.1661G>A	0.39		9	14		39	836	5/6					44.0		113.0		0.4490	No	No	Mx	N1	LUSC	3.72	1:DECEASED	1	Female	Current Smoker	1.0	Matched	III	28.03333333	T3
KEAP1	Pan-Lung Cancer (TCGA, Nat Genet 2016)	TCGA-NJ-A55R-01	Non-Small Cell Lung Cancer	Lung Adenocarcinoma	G571D	OncoKB: Unknown, level NA, resistance NA;CIViC: NA;CancerHotspot: no;3DHotspot: no			MutationAssessor: impact: medium, score: 6.22849349689487;SIFT: impact: deleterious, score: 0;Polyphen-2: impact: probably_damaging, score: 0.997;AlphaMissense: pathogenicity: pathogenic, score: 0.9995	Missense_Mutation	SNP	ShallowDel	Somatic	NA	broad.mit.edu	19	10597491	10597491	C	T	19:g.10597491C>T	ENST00000171111.5:c.1712G>A	0.23		14	47		261	221	6/6					67.0			603.0	0.0760	No	No	Mx	N0	LUAD	19.8	0:LIVING	1	Male	Current Reformed Smoker For > 15 Years	5.0	Matched	IA	7.4	T1b
KEAP1	Pan-Lung Cancer (TCGA, Nat Genet 2016)	TCGA-NJ-A4YQ-01	Non-Small Cell Lung Cancer	Lung Adenocarcinoma	V79L	OncoKB: Unknown, level NA, resistance NA;CIViC: NA;CancerHotspot: no;3DHotspot: no			MutationAssessor: impact: low, score: 3.469885304207074;SIFT: impact: tolerated, score: 0.15;Polyphen-2: impact: possibly_damaging, score: 0.496;AlphaMissense: pathogenicity: pathogenic, score: 0.9102	Missense_Mutation	SNP	ShallowDel	Somatic	NA	broad.mit.edu	19	10610475	10610475	C	G	19:g.10610475C>G	ENST00000171111.5:c.235G>C	0.17		13	63		95	970	2/6					69.0			886.0	0.1044	No	No	M0	N0	LUAD	29.1	0:LIVING	1	Female	Current Reformed Smoker For < Or = 15 Years	40.0	Matched	IA	32.46666667	T1b
KEAP1	Pan-Lung Cancer (TCGA, Nat Genet 2016)	TCGA-MP-A5C7-01	Non-Small Cell Lung Cancer	Lung Adenocarcinoma	Y345*	OncoKB: Likely Oncogenic, level NA, resistance NA;CIViC: NA;CancerHotspot: no;3DHotspot: no			MutationAssessor: NA;SIFT: NA;Polyphen-2: NA;AlphaMissense: NA	Nonsense_Mutation	SNP	ShallowDel	Somatic	NA	broad.mit.edu	19	10602543	10602543	G	C	19:g.10602543G>C	ENST00000171111.5:c.1035C>G	0.79		11	3		33	55	3/6					76.0			1490.0	0.2166	No	No	M0	N0	LUAD	49.0	0:LIVING	1	Female	Current Reformed Smoker For > 15 Years	15.0	Matched	IB	1.833333333	T2
KEAP1	Pan-Lung Cancer (TCGA, Nat Genet 2016)	TCGA-MP-A4TE-01	Non-Small Cell Lung Cancer	Lung Adenocarcinoma	V604Wfs*68	OncoKB: Likely Oncogenic, level NA, resistance NA;CIViC: NA;CancerHotspot: no;3DHotspot: no			MutationAssessor: NA;SIFT: NA;Polyphen-2: NA;AlphaMissense: NA	Frame_Shift_Del	DEL	Diploid	Somatic	---	broad.mit.edu	19	10597393	10597393	C	-	19:g.10597393del	ENST00000171111.5:c.1810del	0.67		113	55		179	118	6/6					56.0		896.0		0.4476	No	No	Mx	N0	LUAD	29.5	1:DECEASED	1	Male	Current Reformed Smoker For < Or = 15 Years	40.0	Matched	IIA	3.9	T2b
KEAP1	Pan-Lung Cancer (TCGA, Nat Genet 2016)	TCGA-MP-A4T7-01	Non-Small Cell Lung Cancer	Lung Adenocarcinoma	G480W	OncoKB: Likely Oncogenic, level NA, resistance NA;CIViC: NA;CancerHotspot: yes;3DHotspot: no			MutationAssessor: impact: medium, score: 5.947458608446375;SIFT: impact: deleterious, score: 0;Polyphen-2: impact: probably_damaging, score: 1;AlphaMissense: pathogenicity: pathogenic, score: 0.9993	Missense_Mutation	SNP	ShallowDel	Somatic	NA	broad.mit.edu	19	10600417	10600417	C	A	19:g.10600417C>A	ENST00000171111.5:c.1438G>T	0.28		11	29		46	124	4/6					75.0		167.0		0.2738	No	No	M1	N0	LUAD	5.5	1:DECEASED	1	Female	Current Reformed Smoker For < Or = 15 Years	50.0	Matched	IV	4.133333333	T2
KEAP1	Pan-Lung Cancer (TCGA, Nat Genet 2016)	TCGA-MF-A522-01	Non-Small Cell Lung Cancer	Lung Squamous Cell Carcinoma	F220L	OncoKB: Unknown, level NA, resistance NA;CIViC: NA;CancerHotspot: no;3DHotspot: no			MutationAssessor: impact: medium, score: 5.2002237452202404;SIFT: impact: tolerated, score: 0.07;Polyphen-2: impact: benign, score: 0.066;AlphaMissense: pathogenicity: pathogenic, score: 0.9924	Missense_Mutation	SNP	ShallowDel	Somatic	NA	broad.mit.edu	19	10602918	10602918	G	T	19:g.10602918G>T	ENST00000171111.5:c.660C>A	0.75		83	28		37	488	3/6					54.0			83.0	0.5655	No	No	Mx	N0	LUSC	2.73	0:LIVING	1	Male	Current Reformed Smoker For < Or = 15 Years	45.0	Matched	IB	16.2	T2a
KEAP1	Pan-Lung Cancer (TCGA, Nat Genet 2016)	TCGA-L9-A5IP-01	Non-Small Cell Lung Cancer	Lung Adenocarcinoma	V420Sfs*38	OncoKB: Likely Oncogenic, level NA, resistance NA;CIViC: NA;CancerHotspot: no;3DHotspot: no			MutationAssessor: NA;SIFT: NA;Polyphen-2: NA;AlphaMissense: NA	Frame_Shift_Del	DEL	Diploid	Somatic	---	broad.mit.edu	19	10602320	10602320	C	-	19:g.10602320del	ENST00000171111.5:c.1258del	0.43		6	8		27	257	3/6					40.0		58.0		0.2286	No	No	M1b	N2	LUAD	1.9	1:DECEASED	1	Female	Current Reformed Smoker For < Or = 15 Years		Matched	IV	8.566666667	T3
KEAP1	Pan-Lung Cancer (TCGA, Nat Genet 2016)	TCGA-J2-8194-01	Non-Small Cell Lung Cancer	Lung Adenocarcinoma	E540Rfs*32	OncoKB: Likely Oncogenic, level NA, resistance NA;CIViC: NA;CancerHotspot: no;3DHotspot: no			MutationAssessor: NA;SIFT: NA;Polyphen-2: NA;AlphaMissense: NA	Frame_Shift_Del	DEL	Diploid	Somatic	---	broad.mit.edu	19	10599954	10599958	GTTTC	-	19:g.10599954_10599958del	ENST00000171111.5:c.1618_1622del	0.30		14	32		56	142	5/6					69.0			114.0	0.2740	No	Yes, history of prior malignancy	Mx	N0	LUAD	3.8	0:LIVING	1	Female	Current Reformed Smoker For > 15 Years	20.0	Matched	IIB	4.7	T3
KEAP1	Pan-Lung Cancer (TCGA, Nat Genet 2016)	TCGA-99-8033-01	Non-Small Cell Lung Cancer	Lung Adenocarcinoma	R554Q	OncoKB: Unknown, level NA, resistance NA;CIViC: NA;CancerHotspot: no;3DHotspot: no			MutationAssessor: impact: medium, score: 6.271772191242235;SIFT: impact: deleterious, score: 0;Polyphen-2: impact: probably_damaging, score: 1;AlphaMissense: pathogenicity: pathogenic, score: 0.9887	Missense_Mutation	SNP	ShallowDel	Somatic	NA	broad.mit.edu	19	10599915	10599915	C	T	19:g.10599915C>T	ENST00000171111.5:c.1661G>A	0.17		6	30		46	160	5/6					74.0			170.0	0.0930	No	No	M1	Nx	LUAD	5.6	0:LIVING	1	Female	Lifelong Non-Smoker		Matched	IV	5.333333333	Tx
KEAP1	Pan-Lung Cancer (TCGA, Nat Genet 2016)	TCGA-98-A539-01	Non-Small Cell Lung Cancer	Lung Squamous Cell Carcinoma	R320Q	OncoKB: Oncogenic, level NA, resistance NA;CIViC: NA;CancerHotspot: yes;3DHotspot: no			MutationAssessor: impact: medium, score: 6.179255215309531;SIFT: impact: deleterious, score: 0;Polyphen-2: impact: possibly_damaging, score: 0.889;AlphaMissense: pathogenicity: pathogenic, score: 0.913	Missense_Mutation	SNP	ShallowDel	Somatic	NA	broad.mit.edu	19	10602619	10602619	C	T	19:g.10602619C>T	ENST00000171111.5:c.959G>A	0.46		16	19		44	149	3/6					63.0			118.0	0.2549	No	Yes, history of prior malignancy	M0	N0	LUSC	3.88	0:LIVING	1	Male	Current Smoker	75.0	Matched	IIB	4.966666667	T3
KEAP1	Pan-Lung Cancer (TCGA, Nat Genet 2016)	TCGA-97-A4M3-01	Non-Small Cell Lung Cancer	Lung Adenocarcinoma	E219Q	OncoKB: Unknown, level NA, resistance NA;CIViC: NA;CancerHotspot: no;3DHotspot: no			MutationAssessor: impact: medium, score: 5.752113874633516;SIFT: impact: deleterious, score: 0.03;Polyphen-2: impact: possibly_damaging, score: 0.677;AlphaMissense: pathogenicity: pathogenic, score: 0.9694	Missense_Mutation	SNP	ShallowDel	Somatic	NA	broad.mit.edu	19	10602923	10602923	C	G	19:g.10602923C>G	ENST00000171111.5:c.655G>C	0.38		17	28		63	184	3/6					69.0			237.0	0.2370	No	Yes, history of prior malignancy	M0	N0	LUAD	7.8	0:LIVING	1	Female	Current Reformed Smoker For > 15 Years	37.5	Matched	IA	6.133333333	T1b
KEAP1	Pan-Lung Cancer (TCGA, Nat Genet 2016)	TCGA-97-8179-01	Non-Small Cell Lung Cancer	Lung Adenocarcinoma	Q201*	OncoKB: Likely Oncogenic, level NA, resistance NA;CIViC: NA;CancerHotspot: no;3DHotspot: no			MutationAssessor: NA;SIFT: NA;Polyphen-2: NA;AlphaMissense: NA	Nonsense_Mutation	SNP	Diploid	Somatic	NA	broad.mit.edu	19	10610109	10610109	G	A	19:g.10610109G>A	ENST00000171111.5:c.601C>T	0.51		19	18		29	145	2/6					72.0			15.0	0.4389	No	No	M0	N0	LUAD	0.5	0:LIVING	1	Male	Current Reformed Smoker For > 15 Years	60.0	Matched	IA	4.833333333	T1a
KEAP1	Pan-Lung Cancer (TCGA, Nat Genet 2016)	TCGA-97-8176-01	Non-Small Cell Lung Cancer	Lung Adenocarcinoma	G523E	OncoKB: Unknown, level NA, resistance NA;CIViC: NA;CancerHotspot: no;3DHotspot: yes			MutationAssessor: impact: medium, score: 6.27723672650833;SIFT: impact: deleterious, score: 0;Polyphen-2: impact: probably_damaging, score: 1;AlphaMissense: pathogenicity: pathogenic, score: 0.9998	Missense_Mutation	SNP	ShallowDel	Somatic	NA	broad.mit.edu	19	10600008	10600008	C	T	19:g.10600008C>T	ENST00000171111.5:c.1568G>A	0.50		26	26		55	133	5/6					63.0			252.0	0.1748	No	No	M0	N1	LUAD	8.3	0:LIVING	1	Male	Current Reformed Smoker For < Or = 15 Years	40.0	Matched	IIIA	4.433333333	T3
KEAP1	Pan-Lung Cancer (TCGA, Nat Genet 2016)	TCGA-95-7947-01	Non-Small Cell Lung Cancer	Lung Adenocarcinoma	S102L	OncoKB: Likely Oncogenic, level NA, resistance NA;CIViC: NA;CancerHotspot: no;3DHotspot: no			MutationAssessor: impact: medium, score: 6.058251727333678;SIFT: impact: deleterious, score: 0.01;Polyphen-2: impact: probably_damaging, score: 0.971;AlphaMissense: pathogenicity: pathogenic, score: 0.8867	Missense_Mutation	SNP	Diploid	Somatic	NA	broad.mit.edu	19	10610405	10610405	G	A	19:g.10610405G>A	ENST00000171111.5:c.305C>T	0.43		16	21		49	457	2/6					67.0			40.0	0.4074	No	Yes, history of prior malignancy	M0	N0	LUAD	1.3	0:LIVING	1	Male	Current Reformed Smoker For < Or = 15 Years	100.0	Matched	IA	15.23333333	T1a
KEAP1	Pan-Lung Cancer (TCGA, Nat Genet 2016)	TCGA-95-7043-01	Non-Small Cell Lung Cancer	Lung Adenocarcinoma	L100P	OncoKB: Unknown, level NA, resistance NA;CIViC: NA;CancerHotspot: no;3DHotspot: no			MutationAssessor: impact: medium, score: 6.297799027807172;SIFT: impact: deleterious, score: 0;Polyphen-2: impact: probably_damaging, score: 1;AlphaMissense: pathogenicity: pathogenic, score: 0.9993	Missense_Mutation	SNP	ShallowDel	Somatic	NA	broad.mit.edu	19	10610411	10610411	A	G	19:g.10610411A>G	ENST00000171111.5:c.299T>C	0.92		22	2		41	959	2/6					63.0			2.0	0.5315	No	Yes, history of synchronous and or bilateral malignancy	Mx	N0	LUAD	0.1	0:LIVING	1	Female	Current Reformed Smoker For < Or = 15 Years	40.0	Matched	IA	32.03333333	T1a
KEAP1	Pan-Lung Cancer (TCGA, Nat Genet 2016)	TCGA-94-8490-01	Non-Small Cell Lung Cancer	Lung Squamous Cell Carcinoma	L115Q	OncoKB: Unknown, level NA, resistance NA;CIViC: NA;CancerHotspot: no;3DHotspot: no			MutationAssessor: impact: medium, score: 6.115877506027462;SIFT: impact: deleterious, score: 0;Polyphen-2: impact: probably_damaging, score: 0.979;AlphaMissense: pathogenicity: pathogenic, score: 0.9177	Missense_Mutation	SNP	Diploid	Somatic	NA	broad.mit.edu	19	10610366	10610366	A	T	19:g.10610366A>T	ENST00000171111.5:c.344T>A	0.31		39	87		60	793	2/6					70.0			153.0	0.3444	No	No	M0	N0	LUSC	5.03	0:LIVING	1	Male	Current Reformed Smoker, Duration Not Specified		Matched	IIB	26.46666667	T3
KEAP1	Pan-Lung Cancer (TCGA, Nat Genet 2016)	TCGA-94-7557-01	Non-Small Cell Lung Cancer	Lung Squamous Cell Carcinoma	S338L	OncoKB: Likely Oncogenic, level NA, resistance NA;CIViC: NA;CancerHotspot: no;3DHotspot: no			MutationAssessor: impact: medium, score: 6.30412116484427;SIFT: impact: deleterious, score: 0;Polyphen-2: impact: probably_damaging, score: 0.999;AlphaMissense: pathogenicity: pathogenic, score: 0.9991	Missense_Mutation	SNP	ShallowDel	Somatic	NA	broad.mit.edu	19	10602565	10602565	G	A	19:g.10602565G>A	ENST00000171111.5:c.1013C>T	0.43		6	8		28	84	3/6					73.0		5.0		0.4163	No	Yes, history of prior malignancy	M0	N0	LUSC	0.16	1:DECEASED	1	Male	Current Smoker		Matched	IB	2.8	T2
KEAP1	Pan-Lung Cancer (TCGA, Nat Genet 2016)	TCGA-92-8063-01	Non-Small Cell Lung Cancer	Lung Squamous Cell Carcinoma	W591L	OncoKB: Unknown, level NA, resistance NA;CIViC: NA;CancerHotspot: no;3DHotspot: no			MutationAssessor: impact: medium, score: 6.230051136603803;SIFT: impact: deleterious, score: 0;Polyphen-2: impact: probably_damaging, score: 1;AlphaMissense: pathogenicity: pathogenic, score: 0.9871	Missense_Mutation	SNP	ShallowDel	Somatic	NA	broad.mit.edu	19	10597431	10597431	C	A	19:g.10597431C>A	ENST00000171111.5:c.1772G>T	0.37		25	42		98	334	6/6					52.0			122.0	0.4013	No	No	Mx	N2	LUSC	4.01	0:LIVING	1	Male	Current Smoker	74.0	Matched	IIIA	11.13333333	T2b
KEAP1	Pan-Lung Cancer (TCGA, Nat Genet 2016)	TCGA-91-6849-01	Non-Small Cell Lung Cancer	Lung Adenocarcinoma	A159P	OncoKB: Unknown, level NA, resistance NA;CIViC: NA;CancerHotspot: no;3DHotspot: yes			MutationAssessor: impact: medium, score: 6.28105469293015;SIFT: impact: deleterious, score: 0;Polyphen-2: impact: probably_damaging, score: 0.996;AlphaMissense: pathogenicity: pathogenic, score: 0.999	Missense_Mutation	SNP	ShallowDel	Somatic	NA	broad.mit.edu	19	10610235	10610235	C	G	19:g.10610235C>G	ENST00000171111.5:c.475G>C	0.42		37	51		80	97	2/6					75.0			35.0	0.1555	No	No	Mx	N2	LUAD	1.2	0:LIVING	1	Female	Current Reformed Smoker For > 15 Years	30.0	Matched	IIIA	3.233333333	T2
KEAP1	Pan-Lung Cancer (TCGA, Nat Genet 2016)	TCGA-91-6848-01	Non-Small Cell Lung Cancer	Lung Adenocarcinoma	D236N	OncoKB: Likely Oncogenic, level NA, resistance NA;CIViC: NA;CancerHotspot: yes;3DHotspot: no			MutationAssessor: impact: low, score: 3.824271752171462;SIFT: impact: tolerated, score: 0.06;Polyphen-2: impact: benign, score: 0.048;AlphaMissense: pathogenicity: benign, score: 0.2541	Missense_Mutation	SNP	Gain	Somatic	NA	broad.mit.edu	19	10602872	10602872	C	T	19:g.10602872C>T	ENST00000171111.5:c.706G>A	0.59	0.01	33	23	1	89	496	3/6					59.0			127.0	0.2565	No	No	Mx	N2	LUAD	4.2	0:LIVING	1	Male	Current Reformed Smoker For < Or = 15 Years		Matched	IIIA	16.53333333	T2
KEAP1	Pan-Lung Cancer (TCGA, Nat Genet 2016)	TCGA-90-7964-01	Non-Small Cell Lung Cancer	Lung Squamous Cell Carcinoma	H59R	OncoKB: Unknown, level NA, resistance NA;CIViC: NA;CancerHotspot: no;3DHotspot: no			MutationAssessor: impact: low, score: 4.288108265932849;SIFT: impact: deleterious, score: 0.01;Polyphen-2: impact: probably_damaging, score: 0.963;AlphaMissense: pathogenicity: pathogenic, score: 0.9128	Missense_Mutation	SNP	ShallowDel	Somatic	NA	broad.mit.edu	19	10610534	10610534	T	C	19:g.10610534T>C	ENST00000171111.5:c.176A>G	0.45		43	53		143	413	2/6					70.0			100.0	0.3762	No	Yes, history of synchronous and or bilateral malignancy	Mx	N0	LUSC	3.29	0:LIVING	1	Male	Current Reformed Smoker For < Or = 15 Years	180.0	Matched	IB	13.76666667	T2a
KEAP1	Pan-Lung Cancer (TCGA, Nat Genet 2016)	TCGA-86-8674-01	Non-Small Cell Lung Cancer	Lung Adenocarcinoma	G476V	OncoKB: Unknown, level NA, resistance NA;CIViC: NA;CancerHotspot: no;3DHotspot: yes			MutationAssessor: impact: medium, score: 6.30003950952469;SIFT: impact: deleterious, score: 0;Polyphen-2: impact: probably_damaging, score: 1;AlphaMissense: pathogenicity: pathogenic, score: 0.9991	Missense_Mutation	SNP	ShallowDel	Somatic	NA	broad.mit.edu	19	10600428	10600428	C	A	19:g.10600428C>A	ENST00000171111.5:c.1427G>T	0.44		21	27		83	255	4/6					50.0			0.0	0.1477	No	No	M0	N1	LUAD	0.0	0:LIVING	1	Male	Current Reformed Smoker For < Or = 15 Years	37.5	Matched	IIA	8.533333333	T2a
KEAP1	Pan-Lung Cancer (TCGA, Nat Genet 2016)	TCGA-86-8358-01	Non-Small Cell Lung Cancer	Lung Adenocarcinoma	G558E	OncoKB: Unknown, level NA, resistance NA;CIViC: NA;CancerHotspot: no;3DHotspot: no			MutationAssessor: impact: medium, score: 5.998650165757469;SIFT: impact: deleterious, score: 0.01;Polyphen-2: impact: probably_damaging, score: 1;AlphaMissense: pathogenicity: pathogenic, score: 0.9978	Missense_Mutation	SNP	Diploid	Somatic	NA	broad.mit.edu	19	10599903	10599903	C	T	19:g.10599903C>T	ENST00000171111.5:c.1673G>A	0.87		13	2		42	922	5/6					44.0			19.0	0.5293	No	No	M0	N0	LUAD	0.6	0:LIVING	1	Male	Current Smoker	20.0	Matched	IB	30.73333333	T2a
KEAP1	Pan-Lung Cancer (TCGA, Nat Genet 2016)	TCGA-86-8281-01	Non-Small Cell Lung Cancer	Lung Adenocarcinoma	G333S	OncoKB: Oncogenic, level NA, resistance NA;CIViC: NA;CancerHotspot: yes;3DHotspot: no			MutationAssessor: impact: medium, score: 6.30816976996058;SIFT: impact: deleterious, score: 0;Polyphen-2: impact: probably_damaging, score: 1;AlphaMissense: pathogenicity: pathogenic, score: 0.9954	Missense_Mutation	SNP	ShallowDel	Somatic	NA	broad.mit.edu	19	10602581	10602581	C	T	19:g.10602581C>T	ENST00000171111.5:c.997G>A	0.36		14	25		25	231	3/6					75.0			0.0	0.1486	No	No	M0	Nx	LUAD	0.0	0:LIVING	1	Male	Current Reformed Smoker For > 15 Years	30.0	Matched	IA	7.7	T1
KEAP1	Pan-Lung Cancer (TCGA, Nat Genet 2016)	TCGA-85-8584-01	Non-Small Cell Lung Cancer	Lung Squamous Cell Carcinoma	R596Efs*2	OncoKB: Likely Oncogenic, level NA, resistance NA;CIViC: NA;CancerHotspot: no;3DHotspot: no			MutationAssessor: NA;SIFT: NA;Polyphen-2: NA;AlphaMissense: NA	Frame_Shift_Del	DEL	ShallowDel	Somatic	---	broad.mit.edu	19	10597417	10597417	G	-	19:g.10597417del	ENST00000171111.5:c.1786del	0.19		30	127		152	212	6/6					71.0			0.0	0.2428	No	No	M0	N1	LUSC	0.0	0:LIVING	1	Male	Current Smoker	50.0	Matched	IIA	7.1	T2a
KEAP1	Pan-Lung Cancer (TCGA, Nat Genet 2016)	TCGA-85-8354-01	Non-Small Cell Lung Cancer	Lung Squamous Cell Carcinoma	E117K	OncoKB: Likely Oncogenic, level NA, resistance NA;CIViC: NA;CancerHotspot: no;3DHotspot: no			MutationAssessor: impact: medium, score: 6.287609745482113;SIFT: impact: deleterious, score: 0;Polyphen-2: impact: probably_damaging, score: 0.999;AlphaMissense: pathogenicity: pathogenic, score: 0.9718	Missense_Mutation	SNP	ShallowDel	Somatic	NA	broad.mit.edu	19	10610361	10610361	C	T	19:g.10610361C>T	ENST00000171111.5:c.349G>A	0.57		23	17		61	178	2/6					53.0			61.0	0.6402	No	No	M0	N0	LUSC	2.01	0:LIVING	1	Male	Current Smoker	30.0	Matched	IB	5.933333333	T2a
KEAP1	Pan-Lung Cancer (TCGA, Nat Genet 2016)	TCGA-85-8070-01	Non-Small Cell Lung Cancer	Lung Squamous Cell Carcinoma	R135H	OncoKB: Likely Oncogenic, level NA, resistance NA;CIViC: NA;CancerHotspot: no;3DHotspot: no			MutationAssessor: impact: low, score: 4.835094220488653;SIFT: impact: deleterious, score: 0.01;Polyphen-2: impact: probably_damaging, score: 0.989;AlphaMissense: pathogenicity: benign, score: 0.2731	Missense_Mutation	SNP	ShallowDel	Somatic	NA	broad.mit.edu	19	10610306	10610306	C	T	19:g.10610306C>T	ENST00000171111.5:c.404G>A	0.95		20	1		40	202	2/6					71.0			43.0	0.5889	No	No	M0	N0	LUSC	1.41	0:LIVING	1	Male	Current Smoker	50.0	Matched	IB	6.766666667	T2
KEAP1	Pan-Lung Cancer (TCGA, Nat Genet 2016)	TCGA-85-7698-01	Non-Small Cell Lung Cancer	Lung Squamous Cell Carcinoma	P612L	OncoKB: Unknown, level NA, resistance NA;CIViC: NA;CancerHotspot: no;3DHotspot: no			MutationAssessor: impact: low, score: 4.722182257193302;SIFT: impact: deleterious, score: 0;Polyphen-2: impact: probably_damaging, score: 0.996;AlphaMissense: pathogenicity: pathogenic, score: 0.8925	Missense_Mutation	SNP	Diploid	Somatic	NA	broad.mit.edu	19	10597368	10597368	G	A	19:g.10597368G>A	ENST00000171111.5:c.1835C>T	0.20		34	137		219	119	6/6					48.0			49.0	0.4093	No	No	M0	N0	LUSC	1.61	0:LIVING	1	Male	Current Reformed Smoker For > 15 Years	44.0	Matched	IA	3.966666667	T1b
KEAP1	Pan-Lung Cancer (TCGA, Nat Genet 2016)	TCGA-78-7633-01	Non-Small Cell Lung Cancer	Lung Adenocarcinoma	G333C	OncoKB: Oncogenic, level NA, resistance NA;CIViC: NA;CancerHotspot: yes;3DHotspot: no			MutationAssessor: impact: medium, score: 5.961596179680607;SIFT: impact: deleterious, score: 0;Polyphen-2: impact: probably_damaging, score: 1;AlphaMissense: pathogenicity: pathogenic, score: 0.9981	Missense_Mutation	SNP	ShallowDel	Somatic	NA	broad.mit.edu	19	10602581	10602581	C	A	19:g.10602581C>A	ENST00000171111.5:c.997G>T	0.56		9	7		27	90	3/6					67.0			994.0	0.3107	No	Yes, history of synchronous and or bilateral malignancy	M0	N0	LUAD	32.7	0:LIVING	1	Male	Current Reformed Smoker For < Or = 15 Years	94.0	Matched	IB	3	T2
KEAP1	Pan-Lung Cancer (TCGA, Nat Genet 2016)	TCGA-78-7167-01	Non-Small Cell Lung Cancer	Lung Adenocarcinoma	G480W	OncoKB: Likely Oncogenic, level NA, resistance NA;CIViC: NA;CancerHotspot: yes;3DHotspot: no			MutationAssessor: impact: medium, score: 5.947458608446375;SIFT: impact: deleterious, score: 0;Polyphen-2: impact: probably_damaging, score: 1;AlphaMissense: pathogenicity: pathogenic, score: 0.9993	Missense_Mutation	SNP	ShallowDel	Somatic	NA	broad.mit.edu	19	10600417	10600417	C	A	19:g.10600417C>A	ENST00000171111.5:c.1438G>T	0.83	0.01	39	8	1	74	85	4/6					77.0		2681.0		0.4895	No	No	M1	N0	LUAD	88.2	1:DECEASED	1	Male	Current Smoker	64.0	Matched	IV	2.833333333	T2
KEAP1	Pan-Lung Cancer (TCGA, Nat Genet 2016)	TCGA-78-7166-01	Non-Small Cell Lung Cancer	Lung Adenocarcinoma	F280Y	OncoKB: Unknown, level NA, resistance NA;CIViC: NA;CancerHotspot: no;3DHotspot: no			MutationAssessor: impact: medium, score: 5.152458932563309;SIFT: impact: deleterious, score: 0;Polyphen-2: impact: benign, score: 0.19;AlphaMissense: pathogenicity: ambiguous, score: 0.5375	Missense_Mutation	SNP	ShallowDel	Somatic	NA	broad.mit.edu	19	10602739	10602739	A	T	19:g.10602739A>T	ENST00000171111.5:c.839T>A	0.43		31	41		67	185	3/6					84.0		258.0		0.0935	No	Yes, history of prior malignancy	M0	N1	LUAD	8.5	1:DECEASED	1	Male	Current Reformed Smoker For > 15 Years	38.0	Matched	IIB	6.2	T2
KEAP1	Pan-Lung Cancer (TCGA, Nat Genet 2016)	TCGA-78-7162-01	Non-Small Cell Lung Cancer	Lung Adenocarcinoma	A159S	OncoKB: Unknown, level NA, resistance NA;CIViC: NA;CancerHotspot: no;3DHotspot: yes			MutationAssessor: impact: low, score: 4.2174875004076045;SIFT: impact: tolerated, score: 0.06;Polyphen-2: impact: possibly_damaging, score: 0.873;AlphaMissense: pathogenicity: ambiguous, score: 0.4029	Missense_Mutation	SNP	ShallowDel	Somatic	NA	broad.mit.edu	19	10610235	10610235	C	A	19:g.10610235C>A	ENST00000171111.5:c.475G>T	0.15		6	35		48	76	2/6					75.0		3169.0		0.0574	No	No	M0	N0	LUAD	104.2	1:DECEASED	1	Male	Current Smoker	12.0	Matched	IA	2.533333333	T1
KEAP1	Pan-Lung Cancer (TCGA, Nat Genet 2016)	TCGA-78-7158-01	Non-Small Cell Lung Cancer	Lung Adenocarcinoma	I461V	OncoKB: Unknown, level NA, resistance NA;CIViC: NA;CancerHotspot: no;3DHotspot: yes			MutationAssessor: impact: low, score: 4.488643014250412;SIFT: impact: tolerated, score: 0.22;Polyphen-2: impact: possibly_damaging, score: 0.484;AlphaMissense: pathogenicity: pathogenic, score: 0.8114	Missense_Mutation	SNP	Diploid	Somatic	NA	broad.mit.edu	19	10600474	10600474	T	C	19:g.10600474T>C	ENST00000171111.5:c.1381A>G	0.44		12	15		21	215	4/6					59.0		179.0		0.1432	No	No	M0	N2	LUAD	5.9	1:DECEASED	1	Female	Current Reformed Smoker For < Or = 15 Years	14.0	Matched	IIIB	7.166666667	T4
KEAP1	Pan-Lung Cancer (TCGA, Nat Genet 2016)	TCGA-78-7156-01	Non-Small Cell Lung Cancer	Lung Adenocarcinoma	G477Afs*23	OncoKB: Likely Oncogenic, level NA, resistance NA;CIViC: NA;CancerHotspot: no;3DHotspot: no			MutationAssessor: NA;SIFT: NA;Polyphen-2: NA;AlphaMissense: NA	Frame_Shift_Del	DEL	ShallowDel	Somatic	---	broad.mit.edu	19	10600425	10600425	C	-	19:g.10600425del	ENST00000171111.5:c.1430del	0.64		51	29		140	293	4/6					62.0		976.0		0.1115	No	No	M1	N1	LUAD	32.1	1:DECEASED	1	Male	Current Reformed Smoker For > 15 Years	84.0	Matched	IV	9.766666667	T4
KEAP1	Pan-Lung Cancer (TCGA, Nat Genet 2016)	TCGA-78-7154-01	Non-Small Cell Lung Cancer	Lung Adenocarcinoma	W252C	OncoKB: Unknown, level NA, resistance NA;CIViC: NA;CancerHotspot: no;3DHotspot: no			MutationAssessor: impact: medium, score: 6.307436094113605;SIFT: impact: deleterious, score: 0;Polyphen-2: impact: probably_damaging, score: 0.983;AlphaMissense: pathogenicity: pathogenic, score: 0.9988	Missense_Mutation	SNP	Gain	Somatic	NA	broad.mit.edu	19	10602822	10602822	C	A	19:g.10602822C>A	ENST00000171111.5:c.756G>T	0.66		44	23		85	202	3/6					72.0		593.0		0.3566	No	No	M0	N2	LUAD	19.5	1:DECEASED	1	Male	Current Reformed Smoker For < Or = 15 Years	112.5	Matched	IIIA	6.7	T3
KEAP1	Pan-Lung Cancer (TCGA, Nat Genet 2016)	TCGA-78-7153-01	Non-Small Cell Lung Cancer	Lung Adenocarcinoma	E117K	OncoKB: Likely Oncogenic, level NA, resistance NA;CIViC: NA;CancerHotspot: no;3DHotspot: no			MutationAssessor: impact: medium, score: 6.287609745482113;SIFT: impact: deleterious, score: 0;Polyphen-2: impact: probably_damaging, score: 0.999;AlphaMissense: pathogenicity: pathogenic, score: 0.9718	Missense_Mutation	SNP	ShallowDel	Somatic	NA	broad.mit.edu	19	10610361	10610361	C	T	19:g.10610361C>T	ENST00000171111.5:c.349G>A	0.19		8	34		47	106	2/6					65.0			760.0	0.2107	No	No	M0	N0	LUAD	25.0	0:LIVING	1	Female	Current Reformed Smoker For < Or = 15 Years	20.0	Matched	IB	3.533333333	T2
KEAP1	Pan-Lung Cancer (TCGA, Nat Genet 2016)	TCGA-78-7149-01	Non-Small Cell Lung Cancer	Lung Adenocarcinoma	W497L	OncoKB: Unknown, level NA, resistance NA;CIViC: NA;CancerHotspot: no;3DHotspot: no			MutationAssessor: impact: medium, score: 6.300784111300424;SIFT: impact: deleterious, score: 0.02;Polyphen-2: impact: probably_damaging, score: 0.992;AlphaMissense: pathogenicity: pathogenic, score: 0.9935	Missense_Mutation	SNP	ShallowDel	Somatic	NA	broad.mit.edu	19	10600365	10600365	C	A	19:g.10600365C>A	ENST00000171111.5:c.1490G>T	0.63		44	26		88	134	4/6					71.0			1093.0	0.2501	No	No	M0	N0	LUAD	36.0	0:LIVING	1	Male	Current Smoker	115.0	Matched	IIIB	4.466666667	T4
KEAP1	Pan-Lung Cancer (TCGA, Nat Genet 2016)	TCGA-78-7146-01	Non-Small Cell Lung Cancer	Lung Adenocarcinoma	P492Qfs*8	OncoKB: Likely Oncogenic, level NA, resistance NA;CIViC: NA;CancerHotspot: no;3DHotspot: no			MutationAssessor: NA;SIFT: NA;Polyphen-2: NA;AlphaMissense: NA	Frame_Shift_Del	DEL	ShallowDel	Somatic	---	broad.mit.edu	19	10600380	10600380	G	-	19:g.10600380del	ENST00000171111.5:c.1475del	0.49		37	38		94	300	4/6					71.0		173.0		0.5733	No	No	M0	N2	LUAD	5.7	1:DECEASED	1	Female	Current Reformed Smoker For < Or = 15 Years	6.0	Matched	IIIA	10.06666667	T2
KEAP1	Pan-Lung Cancer (TCGA, Nat Genet 2016)	TCGA-77-8153-01	Non-Small Cell Lung Cancer	Lung Squamous Cell Carcinoma	Q163K	OncoKB: Unknown, level NA, resistance NA;CIViC: NA;CancerHotspot: no;3DHotspot: no			MutationAssessor: impact: medium, score: 6.289496950281154;SIFT: impact: deleterious, score: 0;Polyphen-2: impact: probably_damaging, score: 0.998;AlphaMissense: pathogenicity: pathogenic, score: 0.7866	Missense_Mutation	SNP	Diploid	Somatic	NA	broad.mit.edu	19	10610223	10610223	G	T	19:g.10610223G>T	ENST00000171111.5:c.487C>A	0.40		34	51		96	142	2/6					77.0			1684.0	0.6489	No	No	M0	N0	LUSC	55.39	0:LIVING	1	Female	Current Reformed Smoker For > 15 Years	25.0	Matched	IB	4.733333333	T2
KEAP1	Pan-Lung Cancer (TCGA, Nat Genet 2016)	TCGA-77-8009-01	Non-Small Cell Lung Cancer	Lung Squamous Cell Carcinoma	V271L	OncoKB: Likely Oncogenic, level NA, resistance NA;CIViC: NA;CancerHotspot: yes;3DHotspot: no			MutationAssessor: impact: low, score: 4.651231830425994;SIFT: impact: deleterious, score: 0;Polyphen-2: impact: possibly_damaging, score: 0.636;AlphaMissense: pathogenicity: pathogenic, score: 0.813	Missense_Mutation	SNP	Amp	Somatic	NA	broad.mit.edu	19	10602767	10602767	C	A	19:g.10602767C>A	ENST00000171111.5:c.811G>T	0.80		233	57		74	157	3/6					68.0			1641.0	0.6693	No	No	M0	N1	LUSC	53.98	0:LIVING	1	Male	Current Reformed Smoker For < Or = 15 Years	97.5	Matched	IIB	5.233333333	T2
KEAP1	Pan-Lung Cancer (TCGA, Nat Genet 2016)	TCGA-77-7338-01	Non-Small Cell Lung Cancer	Lung Squamous Cell Carcinoma	S103Y	OncoKB: Unknown, level NA, resistance NA;CIViC: NA;CancerHotspot: no;3DHotspot: no			MutationAssessor: impact: medium, score: 5.819219273344261;SIFT: impact: deleterious, score: 0;Polyphen-2: impact: probably_damaging, score: 0.961;AlphaMissense: pathogenicity: pathogenic, score: 0.728	Missense_Mutation	SNP	ShallowDel	Somatic	NA	broad.mit.edu	19	10610402	10610402	G	T	19:g.10610402G>T	ENST00000171111.5:c.308C>A	0.29		14	35		124	119	2/6					64.0		5.0		0.2526	No	No	M0	N0	LUSC	0.16	1:DECEASED	1	Male	Current Smoker	41.25	Matched	IB	3.966666667	T2
KEAP1	Pan-Lung Cancer (TCGA, Nat Genet 2016)	TCGA-77-6845-01	Non-Small Cell Lung Cancer	Lung Squamous Cell Carcinoma	T314K	OncoKB: Unknown, level NA, resistance NA;CIViC: NA;CancerHotspot: no;3DHotspot: no			MutationAssessor: impact: medium, score: 5.84531820460325;SIFT: impact: tolerated, score: 0.3;Polyphen-2: impact: benign, score: 0.011;AlphaMissense: pathogenicity: benign, score: 0.2416	Missense_Mutation	SNP	ShallowDel	Somatic	NA	broad.mit.edu	19	10602637	10602637	G	T	19:g.10602637G>T	ENST00000171111.5:c.941C>A	0.67		22	11		49	208	3/6					69.0		708.0		0.7205	No	No	M0	N0	LUSC	23.29	1:DECEASED	1	Male	Current Reformed Smoker For < Or = 15 Years	51.0	Matched	IIB	6.966666667	T3
KEAP1	Pan-Lung Cancer (TCGA, Nat Genet 2016)	TCGA-75-7027-01	Non-Small Cell Lung Cancer	Lung Adenocarcinoma	R320W	OncoKB: Likely Oncogenic, level NA, resistance NA;CIViC: NA;CancerHotspot: yes;3DHotspot: no			MutationAssessor: impact: medium, score: 6.179255215309531;SIFT: impact: deleterious, score: 0;Polyphen-2: impact: probably_damaging, score: 0.986;AlphaMissense: pathogenicity: pathogenic, score: 0.96	Missense_Mutation	SNP	ShallowDel	Somatic	NA	broad.mit.edu	19	10602620	10602620	G	A	19:g.10602620G>A	ENST00000171111.5:c.958C>T	0.60		27	18		61	195	3/6									0.6570	No	No	M0	N0	LUAD		0:LIVING	1	Male	Current Smoker	50.0	Matched	IB	6.5	T2
KEAP1	Pan-Lung Cancer (TCGA, Nat Genet 2016)	TCGA-75-6211-01	Non-Small Cell Lung Cancer	Lung Adenocarcinoma	R204P	OncoKB: Likely Oncogenic, level NA, resistance NA;CIViC: NA;CancerHotspot: no;3DHotspot: no			MutationAssessor: impact: medium, score: 6.055248715303573;SIFT: impact: deleterious, score: 0.02;Polyphen-2: impact: probably_damaging, score: 0.968;AlphaMissense: pathogenicity: pathogenic, score: 0.9861	Missense_Mutation	SNP	ShallowDel	Somatic	NA	broad.mit.edu	19	10610099	10610099	C	G	19:g.10610099C>G	ENST00000171111.5:c.611G>C	0.63		5	3		14	312	2/6									0.5311	No	No	M0	N0	LUAD		1:DECEASED	1	Female	Current Smoker	34.0	Matched	IB	10.43333333	T2
KEAP1	Pan-Lung Cancer (TCGA, Nat Genet 2016)	TCGA-75-6206-01	Non-Small Cell Lung Cancer	Lung Adenocarcinoma	V214L	OncoKB: Unknown, level NA, resistance NA;CIViC: NA;CancerHotspot: no;3DHotspot: no			MutationAssessor: impact: medium, score: 5.2941437458041225;SIFT: impact: deleterious, score: 0.01;Polyphen-2: impact: probably_damaging, score: 0.998;AlphaMissense: pathogenicity: pathogenic, score: 0.9438	Missense_Mutation	SNP	ShallowDel	Somatic	NA	broad.mit.edu	19	10602938	10602938	C	A	19:g.10602938C>A	ENST00000171111.5:c.640G>T	0.67		6	3		28	81	3/6									0.4203	No	No	M0	N0	LUAD		0:LIVING	1	Male	Current Reformed Smoker For > 15 Years	20.0	Matched	IB	2.7	T2
KEAP1	Pan-Lung Cancer (TCGA, Nat Genet 2016)	TCGA-73-7498-01	Non-Small Cell Lung Cancer	Lung Adenocarcinoma	E218V	OncoKB: Unknown, level NA, resistance NA;CIViC: NA;CancerHotspot: no;3DHotspot: no			MutationAssessor: impact: medium, score: 5.64363939171895;SIFT: impact: deleterious, score: 0.02;Polyphen-2: impact: possibly_damaging, score: 0.691;AlphaMissense: pathogenicity: pathogenic, score: 0.8782	Missense_Mutation	SNP	ShallowDel	Somatic	NA	broad.mit.edu	19	10602925	10602925	T	A	19:g.10602925T>A	ENST00000171111.5:c.653A>T	0.50		28	28		58	98	3/6					58.0			621.0	0.1769	No	Yes, history of synchronous and or bilateral malignancy	M0	N0	LUAD	20.4	0:LIVING	1	Female	Current Reformed Smoker For < Or = 15 Years	28.0	Matched	IA	3.266666667	T1b
KEAP1	Pan-Lung Cancer (TCGA, Nat Genet 2016)	TCGA-73-4677-01	Non-Small Cell Lung Cancer	Lung Adenocarcinoma	K287*	OncoKB: Likely Oncogenic, level NA, resistance NA;CIViC: NA;CancerHotspot: no;3DHotspot: no			MutationAssessor: NA;SIFT: NA;Polyphen-2: NA;AlphaMissense: NA	Nonsense_Mutation	SNP	ShallowDel	Somatic	NA	broad.mit.edu	19	10602719	10602719	T	A	19:g.10602719T>A	ENST00000171111.5:c.859A>T	0.48		26	28		71	218	3/6					74.0		38.0	38.0	0.1813	No	No	M0	N0	LUAD	1.3	1:DECEASED	1	Male	Current Reformed Smoker For > 15 Years		Matched	IA	7.266666667	T2a
KEAP1	Pan-Lung Cancer (TCGA, Nat Genet 2016)	TCGA-73-4676-01	Non-Small Cell Lung Cancer	Lung Adenocarcinoma	R415C	OncoKB: Likely Oncogenic, level NA, resistance NA;CIViC: NA;CancerHotspot: no;3DHotspot: yes			MutationAssessor: impact: medium, score: 6.30816976996058;SIFT: impact: deleterious, score: 0;Polyphen-2: impact: possibly_damaging, score: 0.842;AlphaMissense: pathogenicity: pathogenic, score: 0.9969	Missense_Mutation	SNP	Diploid	Somatic	NA	broad.mit.edu	19	10602335	10602335	G	A	19:g.10602335G>A	ENST00000171111.5:c.1243C>T	0.50		8	8		15	81	3/6					45.0			122.0	0.2108	Yes, pharmaceutical treatment prior to resection		M0	N1	LUAD	4.0	0:LIVING	1	Male	Current Reformed Smoker For < Or = 15 Years	48.0	Matched	IIA	2.7	T2a
KEAP1	Pan-Lung Cancer (TCGA, Nat Genet 2016)	TCGA-73-4670-01	Non-Small Cell Lung Cancer	Lung Adenocarcinoma	V123L	OncoKB: Unknown, level NA, resistance NA;CIViC: NA;CancerHotspot: no;3DHotspot: no			MutationAssessor: impact: medium, score: 5.642321867899947;SIFT: impact: deleterious, score: 0.03;Polyphen-2: impact: possibly_damaging, score: 0.871;AlphaMissense: pathogenicity: pathogenic, score: 0.7306	Missense_Mutation	SNP	ShallowDel	Somatic	NA	broad.mit.edu	19	10610343	10610343	C	A	19:g.10610343C>A	ENST00000171111.5:c.367G>T	0.58		21	15		67	295	2/6					69.0			14.0	0.6786	No	No	M1	N0	LUAD	0.5	0:LIVING	1	Female	Current Reformed Smoker For < Or = 15 Years	30.0	Matched	IV	9.9	T2
KEAP1	Pan-Lung Cancer (TCGA, Nat Genet 2016)	TCGA-73-4666-01	Non-Small Cell Lung Cancer	Lung Adenocarcinoma	G603W	OncoKB: Likely Oncogenic, level NA, resistance NA;CIViC: NA;CancerHotspot: yes;3DHotspot: no			MutationAssessor: impact: medium, score: 6.224470194846057;SIFT: impact: deleterious, score: 0;Polyphen-2: impact: probably_damaging, score: 1;AlphaMissense: pathogenicity: pathogenic, score: 0.9992	Missense_Mutation	SNP	ShallowDel	Somatic	NA	broad.mit.edu	19	10597396	10597396	C	A	19:g.10597396C>A	ENST00000171111.5:c.1807G>T	0.35		53	97		213	306	6/6					52.0			618.0	0.3709	No	No	M1	N0	LUAD	20.3	0:LIVING	1	Female	Current Reformed Smoker For < Or = 15 Years	10.0	Matched	IV	10.23333333	T1
KEAP1	Pan-Lung Cancer (TCGA, Nat Genet 2016)	TCGA-69-8253-01	Non-Small Cell Lung Cancer	Lung Adenocarcinoma	E41*	OncoKB: Likely Oncogenic, level NA, resistance NA;CIViC: NA;CancerHotspot: no;3DHotspot: no			MutationAssessor: NA;SIFT: NA;Polyphen-2: NA;AlphaMissense: NA	Nonsense_Mutation	SNP	ShallowDel	Somatic	NA	broad.mit.edu	19	10610589	10610589	C	A	19:g.10610589C>A	ENST00000171111.5:c.121G>T	0.34		33	64		147	127	2/6					59.0			100.0	0.2314	No	No	Mx	N1	LUAD	3.3	0:LIVING	1	Female	Current Reformed Smoker For < Or = 15 Years	7.8	Matched	IIA	4.266666667	T1a
KEAP1	Pan-Lung Cancer (TCGA, Nat Genet 2016)	TCGA-67-3771-01	Non-Small Cell Lung Cancer	Lung Adenocarcinoma	G417E	OncoKB: Likely Oncogenic, level NA, resistance NA;CIViC: NA;CancerHotspot: yes;3DHotspot: no			MutationAssessor: impact: medium, score: 6.29441936792498;SIFT: impact: deleterious, score: 0;Polyphen-2: impact: probably_damaging, score: 0.999;AlphaMissense: pathogenicity: pathogenic, score: 0.9977	Missense_Mutation	SNP	Diploid	Somatic	NA	broad.mit.edu	19	10602328	10602328	C	T	19:g.10602328C>T	ENST00000171111.5:c.1250G>A	0.54		13	11		49	912	3/6					77.0			610.0	0.6308	No	No	M0	N0	LUAD	20.1	0:LIVING	1	Female	Current Reformed Smoker For < Or = 15 Years		Matched	IA	30.46666667	T1
KEAP1	Pan-Lung Cancer (TCGA, Nat Genet 2016)	TCGA-66-2777-01	Non-Small Cell Lung Cancer	Lung Squamous Cell Carcinoma	S224Y	OncoKB: Unknown, level NA, resistance NA;CIViC: NA;CancerHotspot: no;3DHotspot: no			MutationAssessor: impact: medium, score: 6.180871085663351;SIFT: impact: deleterious, score: 0;Polyphen-2: impact: probably_damaging, score: 0.964;AlphaMissense: pathogenicity: pathogenic, score: 0.7957	Missense_Mutation	SNP	ShallowDel	Somatic	NA	broad.mit.edu	19	10602907	10602907	G	T	19:g.10602907G>T	ENST00000171111.5:c.671C>A	0.30		25	57		149	146	3/6					71.0			61.0	0.3660	No	No	M0	N0	LUSC	2.01	0:LIVING	1	Male	Current Reformed Smoker For < Or = 15 Years	12.0	Matched	IB	4.866666667	T2
KEAP1	Pan-Lung Cancer (TCGA, Nat Genet 2016)	TCGA-66-2773-01	Non-Small Cell Lung Cancer	Lung Squamous Cell Carcinoma	R320Q	OncoKB: Oncogenic, level NA, resistance NA;CIViC: NA;CancerHotspot: yes;3DHotspot: no			MutationAssessor: impact: medium, score: 6.179255215309531;SIFT: impact: deleterious, score: 0;Polyphen-2: impact: possibly_damaging, score: 0.889;AlphaMissense: pathogenicity: pathogenic, score: 0.913	Missense_Mutation	SNP	ShallowDel	Somatic	NA	broad.mit.edu	19	10602619	10602619	C	T	19:g.10602619C>T	ENST00000171111.5:c.959G>A	0.19		20	83		108	510	3/6					69.0		92.0		0.4778	No	No	M0	N0	LUSC	3.03	1:DECEASED	1	Male	Current Reformed Smoker For > 15 Years	58.0	Matched	IB	17.06666667	T2
KEAP1	Pan-Lung Cancer (TCGA, Nat Genet 2016)	TCGA-66-2773-01	Non-Small Cell Lung Cancer	Lung Squamous Cell Carcinoma	R470C	OncoKB: Oncogenic, level NA, resistance NA;CIViC: NA;CancerHotspot: yes;3DHotspot: no			MutationAssessor: impact: medium, score: 6.168374984585895;SIFT: impact: deleterious, score: 0.01;Polyphen-2: impact: benign, score: 0.242;AlphaMissense: pathogenicity: pathogenic, score: 0.8264	Missense_Mutation	SNP	ShallowDel	Somatic	NA	broad.mit.edu	19	10600447	10600447	G	A	19:g.10600447G>A	ENST00000171111.5:c.1408C>T	0.24		26	84		94	510	4/6					69.0		92.0		0.4778	No	No	M0	N0	LUSC	3.03	1:DECEASED	1	Male	Current Reformed Smoker For > 15 Years	58.0	Matched	IB	17.06666667	T2
KEAP1	Pan-Lung Cancer (TCGA, Nat Genet 2016)	TCGA-66-2756-01	Non-Small Cell Lung Cancer	Lung Squamous Cell Carcinoma	V369L	OncoKB: Unknown, level NA, resistance NA;CIViC: NA;CancerHotspot: no;3DHotspot: no			MutationAssessor: impact: low, score: 4.6187906647611605;SIFT: impact: tolerated, score: 0.36;Polyphen-2: impact: benign, score: 0.029;AlphaMissense: pathogenicity: ambiguous, score: 0.5193	Missense_Mutation	SNP	ShallowDel	Somatic	NA	broad.mit.edu	19	10602473	10602473	C	G	19:g.10602473C>G	ENST00000171111.5:c.1105G>C	0.75		6	2		11	440	3/6					68.0			30.0	0.5389	No	No	M0	N0	LUSC	0.99	0:LIVING	1	Male	Current Reformed Smoker For < Or = 15 Years		Matched	IIIB	14.7	T4
KEAP1	Pan-Lung Cancer (TCGA, Nat Genet 2016)	TCGA-66-2754-01	Non-Small Cell Lung Cancer	Lung Squamous Cell Carcinoma	W544C	OncoKB: Unknown, level NA, resistance NA;CIViC: NA;CancerHotspot: no;3DHotspot: no			MutationAssessor: impact: medium, score: 6.274121451633012;SIFT: impact: deleterious, score: 0;Polyphen-2: impact: probably_damaging, score: 1;AlphaMissense: pathogenicity: pathogenic, score: 0.9987	Missense_Mutation	SNP	ShallowDel	Somatic	NA	broad.mit.edu	19	10599944	10599944	C	A	19:g.10599944C>A	ENST00000171111.5:c.1632G>T	0.89		33	4		29	231	5/6					67.0			61.0	0.5903	No	No	M0	N2	LUSC	2.01	0:LIVING	1	Male	Current Reformed Smoker For < Or = 15 Years	40.0	Matched	IIIA	7.666666667	T2
KEAP1	Pan-Lung Cancer (TCGA, Nat Genet 2016)	TCGA-64-5781-01	Non-Small Cell Lung Cancer	Lung Adenocarcinoma	V99L	OncoKB: Unknown, level NA, resistance NA;CIViC: NA;CancerHotspot: no;3DHotspot: no			MutationAssessor: impact: medium, score: 5.69875730672945;SIFT: impact: deleterious, score: 0.02;Polyphen-2: impact: probably_damaging, score: 0.998;AlphaMissense: pathogenicity: pathogenic, score: 0.9326	Missense_Mutation	SNP	Diploid	Somatic	NA	broad.mit.edu	19	10610415	10610415	C	A	19:g.10610415C>A	ENST00000171111.5:c.295G>T	0.53		19	17		38	983	2/6					55.0			1202.0	0.1808	No	No	M0	N0	LUAD	39.5	0:LIVING	1	Female	Current Reformed Smoker For < Or = 15 Years	25.0	Matched	IB	32.8	T2
KEAP1	Pan-Lung Cancer (TCGA, Nat Genet 2016)	TCGA-63-A5M9-01	Non-Small Cell Lung Cancer	Lung Squamous Cell Carcinoma	H274R	OncoKB: Likely Oncogenic, level NA, resistance NA;CIViC: NA;CancerHotspot: yes;3DHotspot: no			MutationAssessor: impact: medium, score: 5.903345746288625;SIFT: impact: deleterious, score: 0.01;Polyphen-2: impact: benign, score: 0.393;AlphaMissense: pathogenicity: ambiguous, score: 0.3584	Missense_Mutation	SNP	Gain	Somatic	NA	broad.mit.edu	19	10602757	10602757	T	C	19:g.10602757T>C	ENST00000171111.5:c.821A>G	0.74		76	27		97	86	3/6									0.7724					LUSC			1				Matched		2.866666667	
KEAP1	Pan-Lung Cancer (TCGA, Nat Genet 2016)	TCGA-62-A470-01	Non-Small Cell Lung Cancer	Lung Adenocarcinoma	R459Pfs*39	OncoKB: Likely Oncogenic, level NA, resistance NA;CIViC: NA;CancerHotspot: no;3DHotspot: no			MutationAssessor: NA;SIFT: NA;Polyphen-2: NA;AlphaMissense: NA	Frame_Shift_Del	DEL	ShallowDel	Somatic	---	broad.mit.edu	19	10600473	10600479	ATCCTTC	-	19:g.10600473_10600479del	ENST00000171111.5:c.1376_1382del	0.32		11	23		65	101	4/6					84.0		1194.0		0.5991	No	No	M0	N0	LUAD	39.3	1:DECEASED	1	Male	Current Reformed Smoker For > 15 Years	30.0	Matched	IB	3.333333333	T2
KEAP1	Pan-Lung Cancer (TCGA, Nat Genet 2016)	TCGA-62-A46O-01	Non-Small Cell Lung Cancer	Lung Adenocarcinoma	G509V	OncoKB: Likely Oncogenic, level NA, resistance NA;CIViC: NA;CancerHotspot: yes;3DHotspot: yes			MutationAssessor: impact: medium, score: 5.953465919244717;SIFT: impact: deleterious, score: 0;Polyphen-2: impact: probably_damaging, score: 1;AlphaMissense: pathogenicity: pathogenic, score: 0.998	Missense_Mutation	SNP	ShallowDel	Somatic	NA	broad.mit.edu	19	10600329	10600329	C	A	19:g.10600329C>A	ENST00000171111.5:c.1526G>T	0.79		33	9		55	767	4/6					65.0		1454.0		0.6086	No	No	M0	N0	LUAD	47.8	1:DECEASED	1	Female	Current Smoker	48.0	Matched	IB	25.6	T2
KEAP1	Pan-Lung Cancer (TCGA, Nat Genet 2016)	TCGA-60-2723-01	Non-Small Cell Lung Cancer	Lung Squamous Cell Carcinoma	L231V	OncoKB: Unknown, level NA, resistance NA;CIViC: NA;CancerHotspot: no;3DHotspot: no			MutationAssessor: impact: low, score: 4.8123061004319085;SIFT: impact: tolerated, score: 0.06;Polyphen-2: impact: benign, score: 0.132;AlphaMissense: pathogenicity: ambiguous, score: 0.4042	Missense_Mutation	SNP	ShallowDel	Somatic	NA	broad.mit.edu	19	10602887	10602887	G	C	19:g.10602887G>C	ENST00000171111.5:c.691C>G	0.40		32	49		68	249	3/6					74.0			693.0	0.5274	No	No	M0	N0	LUSC	22.8	0:LIVING	1	Female	Current Reformed Smoker For < Or = 15 Years	58.0	Matched	IB	8.266666667	T2
KEAP1	Pan-Lung Cancer (TCGA, Nat Genet 2016)	TCGA-60-2710-01	Non-Small Cell Lung Cancer	Lung Squamous Cell Carcinoma	R470C	OncoKB: Oncogenic, level NA, resistance NA;CIViC: NA;CancerHotspot: yes;3DHotspot: no			MutationAssessor: impact: medium, score: 6.168374984585895;SIFT: impact: deleterious, score: 0.01;Polyphen-2: impact: benign, score: 0.242;AlphaMissense: pathogenicity: pathogenic, score: 0.8264	Missense_Mutation	SNP	Diploid	Somatic	NA	broad.mit.edu	19	10600447	10600447	G	A	19:g.10600447G>A	ENST00000171111.5:c.1408C>T	0.35		21	39		60	198	4/6					67.0			1686.0	0.3680	Yes, pharmaceutical treatment prior to resection		M0	N1	LUSC	55.46	0:LIVING	1	Female	Current Reformed Smoker For < Or = 15 Years	63.0	Matched	IIA	6.6	T1
KEAP1	Pan-Lung Cancer (TCGA, Nat Genet 2016)	TCGA-58-A46M-01	Non-Small Cell Lung Cancer	Lung Squamous Cell Carcinoma	N482_R483delinsS	OncoKB: Unknown, level NA, resistance NA;CIViC: NA;CancerHotspot: no;3DHotspot: no			MutationAssessor: NA;SIFT: NA;Polyphen-2: NA;AlphaMissense: NA	In_Frame_Del	DEL	ShallowDel	Somatic	---	broad.mit.edu	19	10600408	10600410	GGT	-	19:g.10600408_10600410del	ENST00000171111.5:c.1445_1447del	0.56		35	28		68	338	4/6					61.0			707.0	0.5811	No	No	M0	N1	LUSC	23.26	0:LIVING	1	Male	Current Smoker		Matched	IIB	11.23333333	T2b
KEAP1	Pan-Lung Cancer (TCGA, Nat Genet 2016)	TCGA-56-A62T-01	Non-Small Cell Lung Cancer	Lung Squamous Cell Carcinoma	E493V	OncoKB: Unknown, level NA, resistance NA;CIViC: NA;CancerHotspot: no;3DHotspot: no			MutationAssessor: impact: medium, score: 6.14692269963281;SIFT: impact: deleterious, score: 0.02;Polyphen-2: impact: possibly_damaging, score: 0.743;AlphaMissense: pathogenicity: pathogenic, score: 0.8353	Missense_Mutation	SNP	ShallowDel	Somatic	NA	broad.mit.edu	19	10600377	10600377	T	A	19:g.10600377T>A	ENST00000171111.5:c.1478A>T	0.57	0.01	33	25	1	80	438	4/6					78.0			5.0	0.3648	No	No	Mx	N0	LUSC	0.16	0:LIVING	1	Male	Current Smoker	102.0	Matched	IIA	14.63333333	T2b
KEAP1	Pan-Lung Cancer (TCGA, Nat Genet 2016)	TCGA-56-A5DR-01	Non-Small Cell Lung Cancer	Lung Squamous Cell Carcinoma	W450*	OncoKB: Likely Oncogenic, level NA, resistance NA;CIViC: NA;CancerHotspot: no;3DHotspot: no			MutationAssessor: NA;SIFT: NA;Polyphen-2: NA;AlphaMissense: NA	Nonsense_Mutation	SNP	ShallowDel	Somatic	NA	broad.mit.edu	19	10600506	10600506	C	T	19:g.10600506C>T	ENST00000171111.5:c.1349G>A	0.40		12	18		36	907	4/6					81.0			4.0	0.3135	No	Yes, history of prior malignancy	Mx	N0	LUSC	0.13	0:LIVING	1	Male	Lifelong Non-Smoker		Matched	IA	30.2	T1a
KEAP1	Pan-Lung Cancer (TCGA, Nat Genet 2016)	TCGA-56-A5DR-01	Non-Small Cell Lung Cancer	Lung Squamous Cell Carcinoma	E449K	OncoKB: Unknown, level NA, resistance NA;CIViC: NA;CancerHotspot: no;3DHotspot: no			MutationAssessor: impact: low, score: 2.9932762513734805;SIFT: impact: tolerated, score: 0.57;Polyphen-2: impact: benign, score: 0.019;AlphaMissense: pathogenicity: benign, score: 0.1035	Missense_Mutation	SNP	ShallowDel	Somatic	NA	broad.mit.edu	19	10600510	10600510	C	T	19:g.10600510C>T	ENST00000171111.5:c.1345G>A	0.41		11	16		32	907	4/6					81.0			4.0	0.3135	No	Yes, history of prior malignancy	Mx	N0	LUSC	0.13	0:LIVING	1	Male	Lifelong Non-Smoker		Matched	IA	30.2	T1a
KEAP1	Pan-Lung Cancer (TCGA, Nat Genet 2016)	TCGA-56-8504-01	Non-Small Cell Lung Cancer	Lung Squamous Cell Carcinoma	R234W	OncoKB: Likely Oncogenic, level NA, resistance NA;CIViC: NA;CancerHotspot: yes;3DHotspot: no			MutationAssessor: impact: medium, score: 5.965975769725548;SIFT: impact: deleterious, score: 0;Polyphen-2: impact: probably_damaging, score: 0.94;AlphaMissense: pathogenicity: ambiguous, score: 0.5029	Missense_Mutation	SNP	Diploid	Somatic	NA	broad.mit.edu	19	10602878	10602878	G	A	19:g.10602878G>A	ENST00000171111.5:c.700C>T	0.23		12	40		79	214	3/6					74.0			178.0	0.2713	No	Yes, history of prior malignancy	Mx	N0	LUSC	5.86	0:LIVING	1	Male	Current Reformed Smoker For < Or = 15 Years		Matched	IB	7.133333333	T2a
KEAP1	Pan-Lung Cancer (TCGA, Nat Genet 2016)	TCGA-56-7730-01	Non-Small Cell Lung Cancer	Lung Squamous Cell Carcinoma	C171F	OncoKB: Unknown, level NA, resistance NA;CIViC: NA;CancerHotspot: no;3DHotspot: no			MutationAssessor: impact: medium, score: 6.308536204568407;SIFT: impact: deleterious, score: 0;Polyphen-2: impact: probably_damaging, score: 1;AlphaMissense: pathogenicity: pathogenic, score: 0.9826	Missense_Mutation	SNP	ShallowDel	Somatic	NA	broad.mit.edu	19	10610198	10610198	C	A	19:g.10610198C>A	ENST00000171111.5:c.512G>T	0.38		18	30		55	310	2/6					73.0			6.0	0.6394	No	No	M0	N0	LUSC	0.2	0:LIVING	1	Male	Current Smoker		Matched	IIA	10.33333333	T2b
KEAP1	Pan-Lung Cancer (TCGA, Nat Genet 2016)	TCGA-56-7730-01	Non-Small Cell Lung Cancer	Lung Squamous Cell Carcinoma	D589_T590del	OncoKB: Unknown, level NA, resistance NA;CIViC: NA;CancerHotspot: no;3DHotspot: no			MutationAssessor: NA;SIFT: NA;Polyphen-2: NA;AlphaMissense: NA	In_Frame_Del	DEL	ShallowDel	Somatic	---	broad.mit.edu	19	10597434	10597439	GTGTCT	-	19:g.10597434_10597439del	ENST00000171111.5:c.1764_1769del	0.16		22	112		117	310	6/6					73.0			6.0	0.6394	No	No	M0	N0	LUSC	0.2	0:LIVING	1	Male	Current Smoker		Matched	IIA	10.33333333	T2b
KEAP1	Pan-Lung Cancer (TCGA, Nat Genet 2016)	TCGA-55-A4DF-01	Non-Small Cell Lung Cancer	Lung Adenocarcinoma	X570_splice	OncoKB: Likely Oncogenic, level NA, resistance NA;CIViC: NA;CancerHotspot: no;3DHotspot: no			MutationAssessor: NA;SIFT: NA;Polyphen-2: NA;AlphaMissense: NA	Splice_Site	SNP	ShallowDel	Somatic	NA	broad.mit.edu	19	10599867	10599867	C	A	19:g.10599867C>A	ENST00000171111.5:c.1708+1G>T	0.50		21	21		38	632						88.0			47.0	0.3667	No	Yes, history of synchronous and or bilateral malignancy	Mx	N0	LUAD	1.5	0:LIVING	1	Male	Current Reformed Smoker For > 15 Years	60.0	Matched	IA	21	T1b
KEAP1	Pan-Lung Cancer (TCGA, Nat Genet 2016)	TCGA-55-A492-01	Non-Small Cell Lung Cancer	Lung Adenocarcinoma	E441*	OncoKB: Likely Oncogenic, level NA, resistance NA;CIViC: NA;CancerHotspot: no;3DHotspot: no			MutationAssessor: NA;SIFT: NA;Polyphen-2: NA;AlphaMissense: NA	Nonsense_Mutation	SNP	ShallowDel	Somatic	NA	broad.mit.edu	19	10602257	10602257	C	A	19:g.10602257C>A	ENST00000171111.5:c.1321G>T	0.54		13	11		35	255	3/6					70.0			1.0	0.2069	No	Yes, history of prior malignancy	Mx	N0	LUAD	0.0	0:LIVING	1	Female	Current Reformed Smoker For > 15 Years	35.0	Matched	IA	8.533333333	T1a
KEAP1	Pan-Lung Cancer (TCGA, Nat Genet 2016)	TCGA-55-8620-01	Non-Small Cell Lung Cancer	Lung Adenocarcinoma	G417W	OncoKB: Likely Oncogenic, level NA, resistance NA;CIViC: diagnosticCount: 0, predictiveCount: 0, prognosticCount: 0, predisposingCount: 0, oncogenicCount: 0, functionalCount: 0;CancerHotspot: yes;3DHotspot: no			MutationAssessor: impact: medium, score: 6.29441936792498;SIFT: impact: deleterious, score: 0;Polyphen-2: impact: probably_damaging, score: 1;AlphaMissense: pathogenicity: pathogenic, score: 0.998	Missense_Mutation	SNP	Gain	Somatic	NA	broad.mit.edu	19	10602329	10602329	C	A	19:g.10602329C>A	ENST00000171111.5:c.1249G>T	0.71		20	8		24	418	3/6					60.0			66.0	0.3493	No	No	M1b	N1	LUAD	2.2	0:LIVING	1	Male	Current Reformed Smoker For < Or = 15 Years	154.0	Matched	IV	13.93333333	T1a
KEAP1	Pan-Lung Cancer (TCGA, Nat Genet 2016)	TCGA-55-8510-01	Non-Small Cell Lung Cancer	Lung Adenocarcinoma	D235H	OncoKB: Unknown, level NA, resistance NA;CIViC: NA;CancerHotspot: no;3DHotspot: no			MutationAssessor: impact: medium, score: 6.2936652199690375;SIFT: impact: deleterious, score: 0;Polyphen-2: impact: probably_damaging, score: 0.975;AlphaMissense: pathogenicity: pathogenic, score: 0.9626	Missense_Mutation	SNP	Diploid	Somatic	NA	broad.mit.edu	19	10602875	10602875	C	G	19:g.10602875C>G	ENST00000171111.5:c.703G>C	0.32		19	41		82	267	3/6					55.0			228.0	0.1246	No	No	Mx	N0	LUAD	7.5	0:LIVING	1	Female	Current Smoker		Matched	IB	8.9	T2a
KEAP1	Pan-Lung Cancer (TCGA, Nat Genet 2016)	TCGA-55-8506-01	Non-Small Cell Lung Cancer	Lung Adenocarcinoma	Q616H	OncoKB: Unknown, level NA, resistance NA;CIViC: NA;CancerHotspot: no;3DHotspot: no			MutationAssessor: NA;SIFT: impact: tolerated, score: 0.15;Polyphen-2: impact: benign, score: 0.059;AlphaMissense: pathogenicity: benign, score: 0.1018	Missense_Mutation	SNP	Diploid	Somatic	NA	broad.mit.edu	19	10597355	10597355	C	A	19:g.10597355C>A	ENST00000171111.5:c.1848G>T	0.28		70	176		292	1560	6/6					62.0			11.0	0.3267	No	No	Mx	N0	LUAD	0.4	0:LIVING	1	Female	Current Smoker		Matched	IIB	52	T3
KEAP1	Pan-Lung Cancer (TCGA, Nat Genet 2016)	TCGA-55-8505-01	Non-Small Cell Lung Cancer	Lung Adenocarcinoma	Q193*	OncoKB: Likely Oncogenic, level NA, resistance NA;CIViC: NA;CancerHotspot: no;3DHotspot: no			MutationAssessor: NA;SIFT: NA;Polyphen-2: NA;AlphaMissense: NA	Nonsense_Mutation	SNP	ShallowDel	Somatic	NA	broad.mit.edu	19	10610133	10610133	G	A	19:g.10610133G>A	ENST00000171111.5:c.577C>T	0.30		11	26		40	31	2/6					62.0			29.0	0.0096	No	No	Mx	N2	LUAD	1.0	0:LIVING	1	Male	Lifelong Non-Smoker		Matched	IIIA	1.033333333	T1a
KEAP1	Pan-Lung Cancer (TCGA, Nat Genet 2016)	TCGA-55-8094-01	Non-Small Cell Lung Cancer	Lung Adenocarcinoma	Y162C	OncoKB: Unknown, level NA, resistance NA;CIViC: NA;CancerHotspot: no;3DHotspot: no			MutationAssessor: impact: medium, score: 6.0287283106006955;SIFT: impact: deleterious, score: 0;Polyphen-2: impact: probably_damaging, score: 0.983;AlphaMissense: pathogenicity: pathogenic, score: 0.9459	Missense_Mutation	SNP	ShallowDel	Somatic	NA	broad.mit.edu	19	10610225	10610225	T	C	19:g.10610225T>C	ENST00000171111.5:c.485A>G	0.39		37	59		136	385	2/6					51.0			4.0	0.6613	No	No	M1b	N0	LUAD	0.1	0:LIVING	1	Male	Current Reformed Smoker For < Or = 15 Years	70.0	Matched	IV	12.8	T2b
KEAP1	Pan-Lung Cancer (TCGA, Nat Genet 2016)	TCGA-55-8085-01	Non-Small Cell Lung Cancer	Lung Adenocarcinoma	G429V	OncoKB: Unknown, level NA, resistance NA;CIViC: NA;CancerHotspot: no;3DHotspot: yes			MutationAssessor: impact: medium, score: 6.305597180676311;SIFT: impact: deleterious, score: 0;Polyphen-2: impact: probably_damaging, score: 1;AlphaMissense: pathogenicity: pathogenic, score: 0.9996	Missense_Mutation	SNP	ShallowDel	Somatic	NA	broad.mit.edu	19	10602292	10602292	C	A	19:g.10602292C>A	ENST00000171111.5:c.1286G>T	0.37		15	26		63	214	3/6					64.0			33.0	0.2779	No	No	M0	N0	LUAD	1.1	0:LIVING	1	Male	Current Smoker		Matched	IA	7.133333333	T1b
KEAP1	Pan-Lung Cancer (TCGA, Nat Genet 2016)	TCGA-55-7995-01	Non-Small Cell Lung Cancer	Lung Adenocarcinoma	Q284L	OncoKB: Unknown, level NA, resistance NA;CIViC: NA;CancerHotspot: no;3DHotspot: no			MutationAssessor: impact: low, score: 5.134384675505153;SIFT: impact: deleterious, score: 0;Polyphen-2: impact: possibly_damaging, score: 0.864;AlphaMissense: pathogenicity: pathogenic, score: 0.7369	Missense_Mutation	SNP	ShallowDel	Somatic	NA	broad.mit.edu	19	10602727	10602727	T	A	19:g.10602727T>A	ENST00000171111.5:c.851A>T	0.49		37	39		94	587	3/6					73.0			5.0	0.3208	No	No	M0	N0	LUAD	0.2	0:LIVING	1	Female	Current Reformed Smoker For < Or = 15 Years	60.0	Matched	IA	19.7	T1b
KEAP1	Pan-Lung Cancer (TCGA, Nat Genet 2016)	TCGA-55-7815-01	Non-Small Cell Lung Cancer	Lung Adenocarcinoma	A191T	OncoKB: Unknown, level NA, resistance NA;CIViC: NA;CancerHotspot: no;3DHotspot: no			MutationAssessor: impact: medium, score: 5.737902472433394;SIFT: impact: deleterious, score: 0;Polyphen-2: impact: probably_damaging, score: 0.977;AlphaMissense: pathogenicity: pathogenic, score: 0.9688	Missense_Mutation	SNP	Diploid	Somatic	NA	broad.mit.edu	19	10610139	10610139	C	T	19:g.10610139C>T	ENST00000171111.5:c.571G>A	0.13		6	40		33	123	2/6					76.0			54.0	0.1318	No	No	Mx	N0	LUAD	1.8	0:LIVING	1	Male	Lifelong Non-Smoker		Matched	IB	4.1	T2a
KEAP1	Pan-Lung Cancer (TCGA, Nat Genet 2016)	TCGA-55-6987-01	Non-Small Cell Lung Cancer	Lung Adenocarcinoma	R116W	OncoKB: Unknown, level NA, resistance NA;CIViC: NA;CancerHotspot: no;3DHotspot: no			MutationAssessor: impact: medium, score: 5.706685143950319;SIFT: impact: deleterious, score: 0;Polyphen-2: impact: probably_damaging, score: 0.96;AlphaMissense: pathogenicity: ambiguous, score: 0.4693	Missense_Mutation	SNP	Diploid	Somatic	NA	broad.mit.edu	19	10610364	10610364	G	A	19:g.10610364G>A	ENST00000171111.5:c.346C>T	0.12		5	37		34	192	2/6					77.0			1170.0	0.0706	No	No	M0	N0	LUAD	38.5	0:LIVING	1	Male	Current Reformed Smoker For < Or = 15 Years		Matched	IA	6.4	T1
KEAP1	Pan-Lung Cancer (TCGA, Nat Genet 2016)	TCGA-55-6972-01	Non-Small Cell Lung Cancer	Lung Adenocarcinoma	X570_splice	OncoKB: Likely Oncogenic, level NA, resistance NA;CIViC: NA;CancerHotspot: no;3DHotspot: no			MutationAssessor: NA;SIFT: NA;Polyphen-2: NA;AlphaMissense: NA	Splice_Site	SNP	ShallowDel	Somatic	NA	broad.mit.edu	19	10599866	10599866	A	T	19:g.10599866A>T	ENST00000171111.5:c.1708+2T>A	0.78		14	4		33	229						72.0			1475.0	0.4609	No	No	M0	N0	LUAD	48.5	0:LIVING	1	Male	Current Smoker		Matched	IB	7.666666667	T2
KEAP1	Pan-Lung Cancer (TCGA, Nat Genet 2016)	TCGA-55-6970-01	Non-Small Cell Lung Cancer	Lung Adenocarcinoma	K323*	OncoKB: Likely Oncogenic, level NA, resistance NA;CIViC: NA;CancerHotspot: no;3DHotspot: no			MutationAssessor: NA;SIFT: NA;Polyphen-2: NA;AlphaMissense: NA	Frame_Shift_Ins	INS	Diploid	Somatic	---	broad.mit.edu	19	10602611	10602612	-	A	19:g.10602611_10602612insA	ENST00000171111.5:c.966_967insT	0.28		12	31		60	159	3/6					67.0		464.0		0.2406	No	No	Mx	N2	LUAD	15.3	1:DECEASED	1	Female	Current Reformed Smoker For < Or = 15 Years		Matched	IIIA	5.333333333	T2
KEAP1	Pan-Lung Cancer (TCGA, Nat Genet 2016)	TCGA-55-5899-01	Non-Small Cell Lung Cancer	Lung Adenocarcinoma	G509W	OncoKB: Likely Oncogenic, level NA, resistance NA;CIViC: NA;CancerHotspot: yes;3DHotspot: yes			MutationAssessor: impact: medium, score: 6.30003950952469;SIFT: impact: deleterious, score: 0;Polyphen-2: impact: probably_damaging, score: 1;AlphaMissense: pathogenicity: pathogenic, score: 0.9991	Missense_Mutation	SNP	ShallowDel	Somatic	NA	broad.mit.edu	19	10600330	10600330	C	A	19:g.10600330C>A	ENST00000171111.5:c.1525G>T	0.67		26	13		47	373	4/6					58.0			87.0	0.6014	No	No	M0	N1	LUAD	2.9	0:LIVING	1	Male	Current Smoker		Matched	IA	12.43333333	T1a
KEAP1	Pan-Lung Cancer (TCGA, Nat Genet 2016)	TCGA-53-A4EZ-01	Non-Small Cell Lung Cancer	Lung Adenocarcinoma	G417V	OncoKB: Likely Oncogenic, level NA, resistance NA;CIViC: NA;CancerHotspot: yes;3DHotspot: no			MutationAssessor: impact: medium, score: 6.29441936792498;SIFT: impact: deleterious, score: 0;Polyphen-2: impact: probably_damaging, score: 0.996;AlphaMissense: pathogenicity: pathogenic, score: 0.989	Missense_Mutation	SNP	ShallowDel	Somatic	NA	broad.mit.edu	19	10602328	10602328	C	A	19:g.10602328C>A	ENST00000171111.5:c.1250G>T	0.44		8	10		24	430	3/6					63.0			280.0	0.6586	No	No	Mx	N1	LUAD	9.2	0:LIVING	1	Male	Current Reformed Smoker For > 15 Years	40.0	Matched	IIA	14.33333333	T2a
KEAP1	Pan-Lung Cancer (TCGA, Nat Genet 2016)	TCGA-53-7624-01	Non-Small Cell Lung Cancer	Lung Adenocarcinoma	K97N	OncoKB: Unknown, level NA, resistance NA;CIViC: NA;CancerHotspot: no;3DHotspot: no			MutationAssessor: impact: medium, score: 6.231033331494911;SIFT: impact: deleterious, score: 0;Polyphen-2: impact: probably_damaging, score: 0.99;AlphaMissense: pathogenicity: pathogenic, score: 0.9981	Missense_Mutation	SNP	Diploid	Somatic	NA	broad.mit.edu	19	10610419	10610419	C	A	19:g.10610419C>A	ENST00000171111.5:c.291G>T	0.78		40	11		47	677	2/6					40.0		1043.0		0.6673	No	No	M1	N0	LUAD	34.3	1:DECEASED	1	Female	Current Smoker	50.0	Matched	IV	22.63333333	T2
KEAP1	Pan-Lung Cancer (TCGA, Nat Genet 2016)	TCGA-51-4081-01	Non-Small Cell Lung Cancer	Lung Squamous Cell Carcinoma	V418L	OncoKB: Unknown, level NA, resistance NA;CIViC: NA;CancerHotspot: no;3DHotspot: no			MutationAssessor: impact: low, score: 4.856407375187961;SIFT: impact: tolerated, score: 0.05;Polyphen-2: impact: benign, score: 0.007;AlphaMissense: pathogenicity: ambiguous, score: 0.5462	Missense_Mutation	SNP	ShallowDel	Somatic	NA	broad.mit.edu	19	10602326	10602326	C	A	19:g.10602326C>A	ENST00000171111.5:c.1252G>T	0.30		12	28		34	178	3/6					55.0			63.0	0.5713	No	No	M0	N1	LUSC	2.07	0:LIVING	1	Male	Current Smoker	80.0	Matched	IIB	5.933333333	T2a
KEAP1	Pan-Lung Cancer (TCGA, Nat Genet 2016)	TCGA-50-5939-01	Non-Small Cell Lung Cancer	Lung Adenocarcinoma	R261P	OncoKB: Unknown, level NA, resistance NA;CIViC: NA;CancerHotspot: no;3DHotspot: no			MutationAssessor: impact: medium, score: 5.922734282029483;SIFT: impact: tolerated, score: 0.33;Polyphen-2: impact: possibly_damaging, score: 0.806;AlphaMissense: pathogenicity: pathogenic, score: 0.7392	Missense_Mutation	SNP	ShallowDel	Somatic	NA	broad.mit.edu	19	10602796	10602796	C	G	19:g.10602796C>G	ENST00000171111.5:c.782G>C	0.27		13	36		57	75	3/6					85.0		460.0		0.0732	No	Yes, history of prior malignancy	M0	N0	LUAD	15.1	1:DECEASED	1	Male	Current Reformed Smoker For > 15 Years	15.0	Matched	IB	2.5	T2
KEAP1	Pan-Lung Cancer (TCGA, Nat Genet 2016)	TCGA-50-5936-01	Non-Small Cell Lung Cancer	Lung Adenocarcinoma	Q46*	OncoKB: Likely Oncogenic, level NA, resistance NA;CIViC: NA;CancerHotspot: no;3DHotspot: no			MutationAssessor: NA;SIFT: NA;Polyphen-2: NA;AlphaMissense: NA	Nonsense_Mutation	SNP	ShallowDel	Somatic	NA	broad.mit.edu	19	10610574	10610574	G	A	19:g.10610574G>A	ENST00000171111.5:c.136C>T	0.31		22	50		101	115	2/6					58.0		257.0		0.3737	No	No	M0	N2	LUAD	8.5	1:DECEASED	1	Male			Matched	IIIA	3.833333333	T2
KEAP1	Pan-Lung Cancer (TCGA, Nat Genet 2016)	TCGA-50-5068-01	Non-Small Cell Lung Cancer	Lung Adenocarcinoma	G423V	OncoKB: Oncogenic, level NA, resistance NA;CIViC: NA;CancerHotspot: no;3DHotspot: no			MutationAssessor: impact: medium, score: 6.1951295644668205;SIFT: impact: deleterious, score: 0;Polyphen-2: impact: possibly_damaging, score: 0.816;AlphaMissense: pathogenicity: pathogenic, score: 0.8898	Missense_Mutation	SNP	Diploid	Somatic	NA	broad.mit.edu	19	10602310	10602310	C	A	19:g.10602310C>A	ENST00000171111.5:c.1268G>T	0.17		4	20		21	89	3/6					59.0		1499.0	1499.0	0.0115	No	No	Mx	N1	LUAD	49.3	1:DECEASED	1	Female			Matched	IIB	2.933333333	T2
KEAP1	Pan-Lung Cancer (TCGA, Nat Genet 2016)	TCGA-50-5051-01	Non-Small Cell Lung Cancer	Lung Adenocarcinoma	G417R	OncoKB: Likely Oncogenic, level NA, resistance NA;CIViC: NA;CancerHotspot: yes;3DHotspot: no			MutationAssessor: impact: medium, score: 6.29441936792498;SIFT: impact: deleterious, score: 0;Polyphen-2: impact: probably_damaging, score: 1;AlphaMissense: pathogenicity: pathogenic, score: 0.9938	Missense_Mutation	SNP	ShallowDel	Somatic	NA	broad.mit.edu	19	10602329	10602329	C	T	19:g.10602329C>T	ENST00000171111.5:c.1249G>A	0.54		7	6		16	104	3/6					42.0			455.0	0.5353	No	No	M0	N2	LUAD	15.0	0:LIVING	1	Female	Current Reformed Smoker For < Or = 15 Years	30.0	Matched	IIIA	3.466666667	T2
KEAP1	Pan-Lung Cancer (TCGA, Nat Genet 2016)	TCGA-4B-A93V-01	Non-Small Cell Lung Cancer	Lung Adenocarcinoma	L199F	OncoKB: Unknown, level NA, resistance NA;CIViC: NA;CancerHotspot: no;3DHotspot: no			MutationAssessor: impact: medium, score: 6.3059655048181975;SIFT: impact: deleterious, score: 0;Polyphen-2: impact: probably_damaging, score: 0.999;AlphaMissense: pathogenicity: pathogenic, score: 0.9656	Missense_Mutation	SNP	Diploid	Somatic	NA	broad.mit.edu	19	10610113	10610113	C	A	19:g.10610113C>A	ENST00000171111.5:c.597G>T	0.46		6	7		13	122	2/6					52.0			254.0	0.4531	No	No	M0	N0	LUAD	8.4	0:LIVING	1	Female	Current Reformed Smoker For < Or = 15 Years	30.0	Matched	IA	4.066666667	T1b
KEAP1	Pan-Lung Cancer (TCGA, Nat Genet 2016)	TCGA-49-AARE-01	Non-Small Cell Lung Cancer	Lung Adenocarcinoma	V155F	OncoKB: Oncogenic, level NA, resistance NA;CIViC: NA;CancerHotspot: yes;3DHotspot: yes			MutationAssessor: impact: medium, score: 5.634987268174279;SIFT: impact: deleterious, score: 0.01;Polyphen-2: impact: probably_damaging, score: 0.954;AlphaMissense: pathogenicity: pathogenic, score: 0.7	Missense_Mutation	SNP	ShallowDel	Somatic	NA	broad.mit.edu	19	10610247	10610247	C	A	19:g.10610247C>A	ENST00000171111.5:c.463G>T	0.59		17	12		46	1083	2/6					51.0		1229.0		0.2988	No	No	Mx	N0	LUAD	40.4	1:DECEASED	1	Female	Current Reformed Smoker For < Or = 15 Years	15.0	Matched	IA	36.16666667	T1
KEAP1	Pan-Lung Cancer (TCGA, Nat Genet 2016)	TCGA-49-AARE-01	Non-Small Cell Lung Cancer	Lung Adenocarcinoma	KEAP1-EYA2 Fusion	OncoKB: Likely Oncogenic, level NA, resistance NA;CIViC: NA;CancerHotspot: no;3DHotspot: no			MutationAssessor: NA;SIFT: NA;Polyphen-2: NA;AlphaMissense: NA	fusion	NA	ShallowDel	SOMATIC		N/A	NA	-1												1083						51.0		1229.0		0.2988	No	No	Mx	N0	LUAD	40.4	1:DECEASED	1	Female	Current Reformed Smoker For < Or = 15 Years	15.0	Matched	IA	36.16666667	T1
KEAP1	Pan-Lung Cancer (TCGA, Nat Genet 2016)	TCGA-49-AAR9-01	Non-Small Cell Lung Cancer	Lung Adenocarcinoma	G332C	OncoKB: Likely Oncogenic, level NA, resistance NA;CIViC: NA;CancerHotspot: yes;3DHotspot: no			MutationAssessor: impact: medium, score: 6.304490577494986;SIFT: impact: deleterious, score: 0;Polyphen-2: impact: probably_damaging, score: 1;AlphaMissense: pathogenicity: pathogenic, score: 0.9967	Missense_Mutation	SNP	ShallowDel	Somatic	NA	broad.mit.edu	19	10602584	10602584	C	A	19:g.10602584C>A	ENST00000171111.5:c.994G>T	0.63		10	6		37	552	3/6					61.0		260.0		0.4853	No	No	Mx	N0	LUAD	8.6	1:DECEASED	1	Male	Current Smoker		Matched	IIB	18.56666667	T3
KEAP1	Pan-Lung Cancer (TCGA, Nat Genet 2016)	TCGA-49-AAR3-01	Non-Small Cell Lung Cancer	Lung Adenocarcinoma	A101G	OncoKB: Unknown, level NA, resistance NA;CIViC: NA;CancerHotspot: no;3DHotspot: no			MutationAssessor: impact: medium, score: 6.237408258480852;SIFT: impact: deleterious, score: 0.02;Polyphen-2: impact: probably_damaging, score: 1;AlphaMissense: pathogenicity: pathogenic, score: 0.816	Missense_Mutation	SNP	Diploid	Somatic	NA	broad.mit.edu	19	10610408	10610408	G	C	19:g.10610408G>C	ENST00000171111.5:c.302C>G	0.28		8	21		42	138	2/6					69.0			1893.0	0.0086	No	No	Mx	N1	LUAD	62.3	0:LIVING	1	Male			Matched	IIB	4.6	T2
KEAP1	Pan-Lung Cancer (TCGA, Nat Genet 2016)	TCGA-49-6743-01	Non-Small Cell Lung Cancer	Lung Adenocarcinoma	G527F	OncoKB: Unknown, level NA, resistance NA;CIViC: NA;CancerHotspot: no;3DHotspot: yes			MutationAssessor: NA;SIFT: impact: deleterious, score: 0;Polyphen-2: impact: probably_damaging, score: 1;AlphaMissense: NA	Missense_Mutation	DNP	ShallowDel	Somatic	NA	broad.mit.edu	19	10599996	10599997	CC	AA	19:g.10599996_10599997delinsAA	ENST00000171111.5:c.1579_1580delinsTT	0.29	0.03	8	20	1	39	650	5/6					81.0			369.0	0.1102	No	No	Mx	N2	LUAD	12.1	0:LIVING	1	Female	Current Reformed Smoker For < Or = 15 Years	50.0	Matched	IIIA	21.7	T1
KEAP1	Pan-Lung Cancer (TCGA, Nat Genet 2016)	TCGA-49-6742-01	Non-Small Cell Lung Cancer	Lung Adenocarcinoma	L268P	OncoKB: Likely Oncogenic, level NA, resistance NA;CIViC: NA;CancerHotspot: no;3DHotspot: no			MutationAssessor: impact: medium, score: 6.3004119490204955;SIFT: impact: deleterious, score: 0;Polyphen-2: impact: probably_damaging, score: 0.977;AlphaMissense: pathogenicity: pathogenic, score: 0.9925	Missense_Mutation	SNP	ShallowDel	Somatic	NA	broad.mit.edu	19	10602775	10602775	A	G	19:g.10602775A>G	ENST00000171111.5:c.803T>C	0.21		9	33		80	240	3/6					70.0			1678.0	0.1343	No	Yes, history of prior malignancy	M0	N1	LUAD	55.2	0:LIVING	1	Male	Current Reformed Smoker For > 15 Years	10.0	Matched	IIA	8.066666667	T2a
KEAP1	Pan-Lung Cancer (TCGA, Nat Genet 2016)	TCGA-49-4514-01	Non-Small Cell Lung Cancer	Lung Adenocarcinoma	R470S	OncoKB: Likely Oncogenic, level NA, resistance NA;CIViC: NA;CancerHotspot: yes;3DHotspot: no			MutationAssessor: impact: medium, score: 6.168374984585895;SIFT: impact: tolerated, score: 0.1;Polyphen-2: impact: possibly_damaging, score: 0.899;AlphaMissense: pathogenicity: pathogenic, score: 0.969	Missense_Mutation	SNP	ShallowDel	Somatic	NA	broad.mit.edu	19	10600447	10600447	G	T	19:g.10600447G>T	ENST00000171111.5:c.1408C>A	0.23	0.01	11	37	1	69	278	4/6					79.0			1314.0	0.2725	No	No	M0	N0	LUAD	43.2	0:LIVING	1	Female	Current Reformed Smoker For > 15 Years	65.0	Matched	IA	9.3	T1
KEAP1	Pan-Lung Cancer (TCGA, Nat Genet 2016)	TCGA-49-4507-01	Non-Small Cell Lung Cancer	Lung Adenocarcinoma	R470C	OncoKB: Oncogenic, level NA, resistance NA;CIViC: NA;CancerHotspot: yes;3DHotspot: no			MutationAssessor: impact: medium, score: 6.168374984585895;SIFT: impact: deleterious, score: 0.01;Polyphen-2: impact: benign, score: 0.242;AlphaMissense: pathogenicity: pathogenic, score: 0.8264	Missense_Mutation	SNP	ShallowDel	Somatic	NA	broad.mit.edu	19	10600447	10600447	G	A	19:g.10600447G>A	ENST00000171111.5:c.1408C>T	0.40		24	36		74	184	4/6					73.0		268.0	268.0	0.2054	No	No	M0	N1	LUAD	8.8	1:DECEASED	1	Female	Current Reformed Smoker For < Or = 15 Years	78.0	Matched	IIIA	6.133333333	T3
KEAP1	Pan-Lung Cancer (TCGA, Nat Genet 2016)	TCGA-49-4506-01	Non-Small Cell Lung Cancer	Lung Adenocarcinoma	M503K	OncoKB: Unknown, level NA, resistance NA;CIViC: NA;CancerHotspot: no;3DHotspot: no			MutationAssessor: impact: medium, score: 6.24578366369326;SIFT: impact: deleterious, score: 0;Polyphen-2: impact: probably_damaging, score: 0.995;AlphaMissense: pathogenicity: pathogenic, score: 0.9748	Missense_Mutation	SNP	Diploid	Somatic	NA	broad.mit.edu	19	10600347	10600347	A	T	19:g.10600347A>T	ENST00000171111.5:c.1508T>A	0.31		22	49		115	126	4/6					68.0		999.0		0.0386	No	No	M0	N1	LUAD	32.9	1:DECEASED	1	Female	Current Smoker	100.0	Matched	IIB	4.166666667	T2
KEAP1	Pan-Lung Cancer (TCGA, Nat Genet 2016)	TCGA-49-4488-01	Non-Small Cell Lung Cancer	Lung Adenocarcinoma	Q284L	OncoKB: Unknown, level NA, resistance NA;CIViC: NA;CancerHotspot: no;3DHotspot: no			MutationAssessor: impact: low, score: 5.134384675505153;SIFT: impact: deleterious, score: 0;Polyphen-2: impact: possibly_damaging, score: 0.864;AlphaMissense: pathogenicity: pathogenic, score: 0.7369	Missense_Mutation	SNP	Diploid	Somatic	NA	broad.mit.edu	19	10602727	10602727	T	A	19:g.10602727T>A	ENST00000171111.5:c.851A>T	0.55		21	17		42	253	3/6					74.0		869.0		0.4138	No	No	Mx	N0	LUAD	28.6	1:DECEASED	1	Female	Current Reformed Smoker For > 15 Years		Matched	IA	8.433333333	T1
KEAP1	Pan-Lung Cancer (TCGA, Nat Genet 2016)	TCGA-49-4486-01	Non-Small Cell Lung Cancer	Lung Adenocarcinoma	G333S	OncoKB: Oncogenic, level NA, resistance NA;CIViC: NA;CancerHotspot: yes;3DHotspot: no			MutationAssessor: impact: medium, score: 6.30816976996058;SIFT: impact: deleterious, score: 0;Polyphen-2: impact: probably_damaging, score: 1;AlphaMissense: pathogenicity: pathogenic, score: 0.9954	Missense_Mutation	SNP	ShallowDel	Somatic	NA	broad.mit.edu	19	10602581	10602581	C	T	19:g.10602581C>T	ENST00000171111.5:c.997G>A	0.58		15	11		37	222	3/6					72.0		2318.0		0.1116	No	No	M0	N0	LUAD	76.3	1:DECEASED	1	Male	Current Reformed Smoker For > 15 Years	17.5	Matched	IA	7.433333333	T1
KEAP1	Pan-Lung Cancer (TCGA, Nat Genet 2016)	TCGA-46-6025-01	Non-Small Cell Lung Cancer	Lung Squamous Cell Carcinoma	Q75*	OncoKB: Likely Oncogenic, level NA, resistance NA;CIViC: NA;CancerHotspot: no;3DHotspot: no			MutationAssessor: NA;SIFT: NA;Polyphen-2: NA;AlphaMissense: NA	Nonsense_Mutation	SNP	ShallowDel	Somatic	NA	broad.mit.edu	19	10610487	10610487	G	A	19:g.10610487G>A	ENST00000171111.5:c.223C>T	0.54		38	33		124	176	2/6					71.0			29.0	0.5295	No	No	M0	N1	LUSC	0.95	0:LIVING	1	Male	Current Reformed Smoker For < Or = 15 Years		Matched	IIB	5.866666667	T2b
KEAP1	Pan-Lung Cancer (TCGA, Nat Genet 2016)	TCGA-44-A4SS-01	Non-Small Cell Lung Cancer	Lung Adenocarcinoma	C613Afs*59	OncoKB: Likely Oncogenic, level NA, resistance NA;CIViC: NA;CancerHotspot: no;3DHotspot: no			MutationAssessor: NA;SIFT: NA;Polyphen-2: NA;AlphaMissense: NA	Frame_Shift_Del	DEL	ShallowDel	Somatic	---	broad.mit.edu	19	10597367	10597367	G	-	19:g.10597367del	ENST00000171111.5:c.1836del	0.12		21	152		202	432	6/6					73.0			114.0	0.0109	No	No	M0	N0	LUAD	3.8	0:LIVING	1	Male	Current Reformed Smoker For < Or = 15 Years	90.0	Matched	IA	14.36666667	T1b
KEAP1	Pan-Lung Cancer (TCGA, Nat Genet 2016)	TCGA-44-A47F-01	Non-Small Cell Lung Cancer	Lung Adenocarcinoma	L175Wfs*55	OncoKB: Likely Oncogenic, level NA, resistance NA;CIViC: NA;CancerHotspot: no;3DHotspot: no			MutationAssessor: NA;SIFT: NA;Polyphen-2: NA;AlphaMissense: NA	Frame_Shift_Del	DEL	ShallowDel	Somatic	---	broad.mit.edu	19	10610187	10610187	G	-	19:g.10610187del	ENST00000171111.5:c.523del	0.47		27	30		46	76	2/6					74.0			246.0	0.3026	No	Yes, history of prior malignancy	M0	N1	LUAD	8.1	0:LIVING	1	Male	Current Reformed Smoker For > 15 Years	20.0	Matched	IIB	2.5	T2b
KEAP1	Pan-Lung Cancer (TCGA, Nat Genet 2016)	TCGA-44-7671-01	Non-Small Cell Lung Cancer	Lung Adenocarcinoma	P278S	OncoKB: Likely Oncogenic, level NA, resistance NA;CIViC: NA;CancerHotspot: yes;3DHotspot: no			MutationAssessor: impact: medium, score: 5.745113223590925;SIFT: impact: deleterious, score: 0;Polyphen-2: impact: probably_damaging, score: 0.96;AlphaMissense: pathogenicity: pathogenic, score: 0.9042	Missense_Mutation	SNP	ShallowDel	Somatic	NA	broad.mit.edu	19	10602746	10602746	G	A	19:g.10602746G>A	ENST00000171111.5:c.832C>T	0.64		35	20		93	194	3/6					64.0			535.0	0.3154	No	Yes, history of prior malignancy	M0	N0	LUAD	17.6	0:LIVING	1	Male	Current Reformed Smoker For > 15 Years		Matched	IB	6.5	T2a
KEAP1	Pan-Lung Cancer (TCGA, Nat Genet 2016)	TCGA-44-7669-01	Non-Small Cell Lung Cancer	Lung Adenocarcinoma	V271L	OncoKB: Likely Oncogenic, level NA, resistance NA;CIViC: NA;CancerHotspot: yes;3DHotspot: no			MutationAssessor: impact: low, score: 4.651231830425994;SIFT: impact: deleterious, score: 0;Polyphen-2: impact: possibly_damaging, score: 0.636;AlphaMissense: pathogenicity: pathogenic, score: 0.813	Missense_Mutation	SNP	ShallowDel	Somatic	NA	broad.mit.edu	19	10602767	10602767	C	A	19:g.10602767C>A	ENST00000171111.5:c.811G>T	0.49		24	25		58	403	3/6					59.0		574.0		0.4144	No	No	Mx	N1	LUAD	18.9	1:DECEASED	1	Male	Current Smoker	20.0	Matched	IIA	13.46666667	T1b
KEAP1	Pan-Lung Cancer (TCGA, Nat Genet 2016)	TCGA-44-7667-01	Non-Small Cell Lung Cancer	Lung Adenocarcinoma	X570_splice	OncoKB: Likely Oncogenic, level NA, resistance NA;CIViC: NA;CancerHotspot: no;3DHotspot: no			MutationAssessor: NA;SIFT: NA;Polyphen-2: NA;AlphaMissense: NA	Splice_Site	SNP	ShallowDel	Somatic	NA	broad.mit.edu	19	10597495	10597495	C	A	19:g.10597495C>A	ENST00000171111.5:c.1709-1G>T	0.61		28	18		75	409						49.0			557.0	0.3866	No	No	Mx	N0	LUAD	18.3	0:LIVING	1	Female	Current Smoker	50.0	Matched	IIB	13.6	T3
KEAP1	Pan-Lung Cancer (TCGA, Nat Genet 2016)	TCGA-44-7660-01	Non-Small Cell Lung Cancer	Lung Adenocarcinoma	V271M	OncoKB: Likely Neutral, level NA, resistance NA;CIViC: NA;CancerHotspot: yes;3DHotspot: no			MutationAssessor: impact: medium, score: 5.58713291887679;SIFT: impact: deleterious, score: 0;Polyphen-2: impact: probably_damaging, score: 0.95;AlphaMissense: pathogenicity: pathogenic, score: 0.8262	Missense_Mutation	SNP	ShallowDel	Somatic	NA	broad.mit.edu	19	10602767	10602767	C	T	19:g.10602767C>T	ENST00000171111.5:c.811G>A	0.54		30	26		93	334	3/6					72.0			162.0	0.6653	No	No	Mx	N0	LUAD	5.3	0:LIVING	1	Male	Current Smoker	124.0	Matched	IB	11.1	T2
KEAP1	Pan-Lung Cancer (TCGA, Nat Genet 2016)	TCGA-44-6779-01	Non-Small Cell Lung Cancer	Lung Adenocarcinoma	T142M	OncoKB: Likely Oncogenic, level NA, resistance NA;CIViC: NA;CancerHotspot: no;3DHotspot: no			MutationAssessor: impact: medium, score: 6.299293797231355;SIFT: impact: deleterious, score: 0;Polyphen-2: impact: probably_damaging, score: 1;AlphaMissense: pathogenicity: pathogenic, score: 0.8135	Missense_Mutation	SNP	ShallowDel	Somatic	NA	broad.mit.edu	19	10610285	10610285	G	A	19:g.10610285G>A	ENST00000171111.5:c.425C>T	0.44		17	22		54	85	2/6					50.0		500.0		0.5993	No	No	Mx	N1	LUAD	16.4	1:DECEASED	1	Female	Current Reformed Smoker For < Or = 15 Years	15.0	Matched	IIB	2.833333333	T2
KEAP1	Pan-Lung Cancer (TCGA, Nat Genet 2016)	TCGA-44-6778-01	Non-Small Cell Lung Cancer	Lung Adenocarcinoma	M110V	OncoKB: Likely Oncogenic, level NA, resistance NA;CIViC: NA;CancerHotspot: yes;3DHotspot: no			MutationAssessor: impact: medium, score: 6.3030112864751136;SIFT: impact: deleterious, score: 0;Polyphen-2: impact: probably_damaging, score: 0.995;AlphaMissense: pathogenicity: pathogenic, score: 0.902	Missense_Mutation	SNP	ShallowDel	Somatic	NA	broad.mit.edu	19	10610382	10610382	T	C	19:g.10610382T>C	ENST00000171111.5:c.328A>G	0.36		12	21		36	333	2/6					59.0			1110.0	0.3992	No	No	Mx	N0	LUAD	36.5	0:LIVING	1	Male	Current Reformed Smoker For < Or = 15 Years	15.0	Matched	IA	11.13333333	T1
KEAP1	Pan-Lung Cancer (TCGA, Nat Genet 2016)	TCGA-44-6776-01	Non-Small Cell Lung Cancer	Lung Adenocarcinoma	V155A	OncoKB: Likely Oncogenic, level NA, resistance NA;CIViC: NA;CancerHotspot: yes;3DHotspot: yes			MutationAssessor: impact: medium, score: 5.634987268174279;SIFT: impact: deleterious, score: 0;Polyphen-2: impact: possibly_damaging, score: 0.76;AlphaMissense: pathogenicity: pathogenic, score: 0.8564	Missense_Mutation	SNP	ShallowDel	Somatic	NA	broad.mit.edu	19	10610246	10610246	A	G	19:g.10610246A>G	ENST00000171111.5:c.464T>C	0.63		37	22		59	183	2/6					60.0			1938.0	0.1665	No	Yes, history of prior malignancy	Mx	N0	LUAD	63.8	0:LIVING	1	Female	Current Reformed Smoker For < Or = 15 Years	45.0	Matched	IA	6.1	T1
KEAP1	Pan-Lung Cancer (TCGA, Nat Genet 2016)	TCGA-44-2655-01	Non-Small Cell Lung Cancer	Lung Adenocarcinoma	S144F	OncoKB: Likely Neutral, level NA, resistance NA;CIViC: NA;CancerHotspot: no;3DHotspot: no			MutationAssessor: impact: medium, score: 5.819867155916962;SIFT: impact: deleterious, score: 0.01;Polyphen-2: impact: possibly_damaging, score: 0.877;AlphaMissense: pathogenicity: ambiguous, score: 0.4098	Missense_Mutation	SNP	ShallowDel	Somatic	NA	broad.mit.edu	19	10610279	10610279	G	A	19:g.10610279G>A	ENST00000171111.5:c.431C>T	0.18		11	51		84	150	2/6					65.0			575.0	0.0790	No	Yes, history of prior malignancy	M0	N0	LUAD	18.9	0:LIVING	1	Female	Current Reformed Smoker For > 15 Years	30.0	Matched	IA	4.966666667	T1
KEAP1	Pan-Lung Cancer (TCGA, Nat Genet 2016)	TCGA-43-6143-01	Non-Small Cell Lung Cancer	Lung Squamous Cell Carcinoma	I506V	OncoKB: Unknown, level NA, resistance NA;CIViC: NA;CancerHotspot: no;3DHotspot: no			MutationAssessor: impact: neutral, score: 1.4539846496925244;SIFT: impact: tolerated, score: 0.3;Polyphen-2: impact: benign, score: 0;AlphaMissense: pathogenicity: benign, score: 0.0563	Missense_Mutation	SNP	ShallowDel	Somatic	NA	broad.mit.edu	19	10600339	10600339	T	C	19:g.10600339T>C	ENST00000171111.5:c.1516A>G	0.88		37	5		57	289	4/6					70.0			214.0	0.6758	No	No	M0	N0	LUSC	7.04	0:LIVING	1	Male	Current Reformed Smoker For < Or = 15 Years	114.0	Matched	IB	9.566666667	T2
KEAP1	Pan-Lung Cancer (TCGA, Nat Genet 2016)	TCGA-43-2578-01	Non-Small Cell Lung Cancer	Lung Squamous Cell Carcinoma	V167F	OncoKB: Unknown, level NA, resistance NA;CIViC: NA;CancerHotspot: no;3DHotspot: yes			MutationAssessor: impact: medium, score: 6.275998251548298;SIFT: impact: deleterious, score: 0;Polyphen-2: impact: probably_damaging, score: 0.997;AlphaMissense: pathogenicity: pathogenic, score: 0.9866	Missense_Mutation	SNP	ShallowDel	Somatic	NA	broad.mit.edu	19	10610211	10610211	C	A	19:g.10610211C>A	ENST00000171111.5:c.499G>T	0.41		28	40		87	274	2/6					59.0			550.0	0.4834	No	Yes, history of prior malignancy	M0	N0	LUSC	18.09	0:LIVING	1	Female	Current Reformed Smoker For < Or = 15 Years	64.0	Matched	IA	9.166666667	T1
KEAP1	Pan-Lung Cancer (TCGA, Nat Genet 2016)	TCGA-39-5036-01	Non-Small Cell Lung Cancer	Lung Squamous Cell Carcinoma	G423V	OncoKB: Oncogenic, level NA, resistance NA;CIViC: NA;CancerHotspot: no;3DHotspot: no			MutationAssessor: impact: medium, score: 6.1951295644668205;SIFT: impact: deleterious, score: 0;Polyphen-2: impact: possibly_damaging, score: 0.816;AlphaMissense: pathogenicity: pathogenic, score: 0.8898	Missense_Mutation	SNP	ShallowDel	Somatic	NA	broad.mit.edu	19	10602310	10602310	C	A	19:g.10602310C>A	ENST00000171111.5:c.1268G>T	0.56		5	4		37	256	3/6					73.0			1084.0	0.4163	No	No	M0	N0	LUSC	35.66	0:LIVING	1	Male	Current Reformed Smoker For < Or = 15 Years	63.0	Matched	IB	8.5	T2
KEAP1	Pan-Lung Cancer (TCGA, Nat Genet 2016)	TCGA-39-5034-01	Non-Small Cell Lung Cancer	Lung Squamous Cell Carcinoma	R554Q	OncoKB: Unknown, level NA, resistance NA;CIViC: NA;CancerHotspot: no;3DHotspot: no			MutationAssessor: impact: medium, score: 6.271772191242235;SIFT: impact: deleterious, score: 0;Polyphen-2: impact: probably_damaging, score: 1;AlphaMissense: pathogenicity: pathogenic, score: 0.9887	Missense_Mutation	SNP	ShallowDel	Somatic	NA	broad.mit.edu	19	10599915	10599915	C	T	19:g.10599915C>T	ENST00000171111.5:c.1661G>A	0.56		29	23		65	486	5/6					73.0		1107.0	1107.0	0.4569	No	No	M0	N0	LUSC	36.41	1:DECEASED	1	Female	Current Reformed Smoker For < Or = 15 Years	84.0	Matched	IIB	16.16666667	T3
KEAP1	Pan-Lung Cancer (TCGA, Nat Genet 2016)	TCGA-39-5011-01	Non-Small Cell Lung Cancer	Lung Squamous Cell Carcinoma	G333C	OncoKB: Oncogenic, level NA, resistance NA;CIViC: NA;CancerHotspot: yes;3DHotspot: no			MutationAssessor: impact: medium, score: 5.961596179680607;SIFT: impact: deleterious, score: 0;Polyphen-2: impact: probably_damaging, score: 1;AlphaMissense: pathogenicity: pathogenic, score: 0.9981	Missense_Mutation	SNP	ShallowDel	Somatic	NA	broad.mit.edu	19	10602581	10602581	C	A	19:g.10602581C>A	ENST00000171111.5:c.997G>T	0.32		8	17		61	566	3/6					70.0			1454.0	0.0843	No	No	M0	N0	LUSC	47.83	0:LIVING	1	Female	Current Reformed Smoker For < Or = 15 Years	45.0	Matched	IA	18.9	T1b
KEAP1	Pan-Lung Cancer (TCGA, Nat Genet 2016)	TCGA-38-4631-01	Non-Small Cell Lung Cancer	Lung Adenocarcinoma	F139L	OncoKB: Unknown, level NA, resistance NA;CIViC: NA;CancerHotspot: no;3DHotspot: yes			MutationAssessor: impact: medium, score: 6.299293797231355;SIFT: impact: deleterious, score: 0;Polyphen-2: impact: probably_damaging, score: 0.998;AlphaMissense: pathogenicity: pathogenic, score: 0.9994	Missense_Mutation	SNP	ShallowDel	Somatic	NA	broad.mit.edu	19	10610293	10610293	G	T	19:g.10610293G>T	ENST00000171111.5:c.417C>A	0.38		10	16		44	663	2/6					72.0		354.0	354.0	0.4032	No	Yes, history of prior malignancy	M0	N0	LUAD	11.6	1:DECEASED	1	Female	Current Reformed Smoker For < Or = 15 Years	40.0	Matched	IB	22.03333333	T2
KEAP1	Pan-Lung Cancer (TCGA, Nat Genet 2016)	TCGA-37-A5EN-01	Non-Small Cell Lung Cancer	Lung Squamous Cell Carcinoma	D235Y	OncoKB: Unknown, level NA, resistance NA;CIViC: NA;CancerHotspot: no;3DHotspot: no			MutationAssessor: impact: medium, score: 6.2936652199690375;SIFT: impact: deleterious, score: 0.01;Polyphen-2: impact: probably_damaging, score: 0.983;AlphaMissense: pathogenicity: pathogenic, score: 0.9757	Missense_Mutation	SNP	ShallowDel	Somatic	NA	broad.mit.edu	19	10602875	10602875	C	A	19:g.10602875C>A	ENST00000171111.5:c.703G>T	0.10		7	65		81	200	3/6					59.0			356.0	0.5422	No	No	M0	N2	LUSC	11.71	0:LIVING	1	Male			Matched	IIIB	6.666666667	T4
KEAP1	Pan-Lung Cancer (TCGA, Nat Genet 2016)	TCGA-37-5819-01	Non-Small Cell Lung Cancer	Lung Squamous Cell Carcinoma	G480W	OncoKB: Likely Oncogenic, level NA, resistance NA;CIViC: NA;CancerHotspot: yes;3DHotspot: no			MutationAssessor: impact: medium, score: 5.947458608446375;SIFT: impact: deleterious, score: 0;Polyphen-2: impact: probably_damaging, score: 1;AlphaMissense: pathogenicity: pathogenic, score: 0.9993	Missense_Mutation	SNP	ShallowDel	Somatic	NA	broad.mit.edu	19	10600417	10600417	C	A	19:g.10600417C>A	ENST00000171111.5:c.1438G>T	0.88		22	3		30	670	4/6					64.0			103.0	0.6739	No	No	M0	N2	LUSC	3.39	0:LIVING	1	Male	Current Reformed Smoker For < Or = 15 Years	45.0	Matched	IIIA	22.33333333	T2
KEAP1	Pan-Lung Cancer (TCGA, Nat Genet 2016)	TCGA-37-4133-01	Non-Small Cell Lung Cancer	Lung Squamous Cell Carcinoma	S243C	OncoKB: Oncogenic, level NA, resistance NA;CIViC: NA;CancerHotspot: no;3DHotspot: no			MutationAssessor: impact: medium, score: 5.753705142141059;SIFT: impact: deleterious, score: 0;Polyphen-2: impact: probably_damaging, score: 0.977;AlphaMissense: pathogenicity: ambiguous, score: 0.4171	Missense_Mutation	SNP	ShallowDel	Somatic	NA	broad.mit.edu	19	10602850	10602850	G	C	19:g.10602850G>C	ENST00000171111.5:c.728C>G	0.65		45	24		127	240	3/6					63.0			238.0	0.5885	No	No	M0	N0	LUSC	7.83	0:LIVING	1	Male	Current Reformed Smoker For < Or = 15 Years	40.0	Matched	IIIA	8.033333333	T4
KEAP1	Pan-Lung Cancer (TCGA, Nat Genet 2016)	TCGA-37-4132-01	Non-Small Cell Lung Cancer	Lung Squamous Cell Carcinoma	R71L	OncoKB: Likely Oncogenic, level NA, resistance NA;CIViC: NA;CancerHotspot: yes;3DHotspot: no			MutationAssessor: impact: medium, score: 5.720793493778223;SIFT: impact: deleterious, score: 0.03;Polyphen-2: impact: probably_damaging, score: 1;AlphaMissense: pathogenicity: pathogenic, score: 0.9708	Missense_Mutation	SNP	ShallowDel	Somatic	NA	broad.mit.edu	19	10610498	10610498	C	A	19:g.10610498C>A	ENST00000171111.5:c.212G>T	0.45		69	84		209	259	2/6					61.0			227.0	0.2391	No	No	M1	N0	LUSC	7.47	0:LIVING	1	Female	Lifelong Non-Smoker		Matched	IV	8.7	T2
KEAP1	Pan-Lung Cancer (TCGA, Nat Genet 2016)	TCGA-35-5375-01	Non-Small Cell Lung Cancer	Lung Adenocarcinoma	E593Rfs*2	OncoKB: Likely Oncogenic, level NA, resistance NA;CIViC: NA;CancerHotspot: no;3DHotspot: no			MutationAssessor: NA;SIFT: NA;Polyphen-2: NA;AlphaMissense: NA	Frame_Shift_Del	DEL	ShallowDel	Somatic	---	broad.mit.edu	19	10597426	10597426	C	-	19:g.10597426del	ENST00000171111.5:c.1777del	0.69		66	29		139	368	6/6					61.0			264.0	0.5996	No	No	M0	N2	LUAD	8.7	0:LIVING	1	Male	Current Reformed Smoker For < Or = 15 Years	35.0	Matched	IIIA	12.36666667	T2
KEAP1	Pan-Lung Cancer (TCGA, Nat Genet 2016)	TCGA-35-3615-01	Non-Small Cell Lung Cancer	Lung Adenocarcinoma	E449*	OncoKB: Likely Oncogenic, level NA, resistance NA;CIViC: NA;CancerHotspot: no;3DHotspot: no			MutationAssessor: NA;SIFT: NA;Polyphen-2: NA;AlphaMissense: NA	Nonsense_Mutation	SNP	Diploid	Somatic	NA	broad.mit.edu	19	10600510	10600510	C	A	19:g.10600510C>A	ENST00000171111.5:c.1345G>T	0.56		18	14		49	99	4/6					57.0			14.0	0.1795	No	No	M0	N0	LUAD	0.5	0:LIVING	1	Male	Lifelong Non-Smoker		Matched	IB	3.333333333	T2
KEAP1	Pan-Lung Cancer (TCGA, Nat Genet 2016)	TCGA-34-2605-01	Non-Small Cell Lung Cancer	Lung Squamous Cell Carcinoma	I145M	OncoKB: Unknown, level NA, resistance NA;CIViC: NA;CancerHotspot: no;3DHotspot: yes			MutationAssessor: impact: medium, score: 5.899623305891334;SIFT: impact: deleterious, score: 0;Polyphen-2: impact: probably_damaging, score: 0.993;AlphaMissense: pathogenicity: pathogenic, score: 0.6187	Missense_Mutation	SNP	Gain	Somatic	NA	broad.mit.edu	19	10610275	10610275	G	C	19:g.10610275G>C	ENST00000171111.5:c.435C>G	0.18		18	80		105	330	2/6					76.0		881.0	881.0	0.5315	No	Yes, history of prior malignancy	M0	N1	LUSC	28.98	1:DECEASED	1	Male	Current Reformed Smoker For < Or = 15 Years	60.0	Matched	IIIB	11	T4
KEAP1	Pan-Lung Cancer (TCGA, Nat Genet 2016)	TCGA-33-AASJ-01	Non-Small Cell Lung Cancer	Lung Squamous Cell Carcinoma	G186S	OncoKB: Likely Oncogenic, level NA, resistance NA;CIViC: NA;CancerHotspot: yes;3DHotspot: no			MutationAssessor: impact: medium, score: 6.308536204568407;SIFT: impact: deleterious, score: 0;Polyphen-2: impact: probably_damaging, score: 1;AlphaMissense: pathogenicity: pathogenic, score: 0.91	Missense_Mutation	SNP	Gain	Somatic	NA	broad.mit.edu	19	10610154	10610154	C	T	19:g.10610154C>T	ENST00000171111.5:c.556G>A	0.12		4	30		15	171	2/6					60.0		3600.0		0.5762	No	No	Mx	N0	LUSC	118.42	1:DECEASED	1	Male	Current Reformed Smoker For < Or = 15 Years		Matched	IB	5.7	T2
KEAP1	Pan-Lung Cancer (TCGA, Nat Genet 2016)	TCGA-33-AASD-01	Non-Small Cell Lung Cancer	Lung Squamous Cell Carcinoma	R272L	OncoKB: Likely Oncogenic, level NA, resistance NA;CIViC: NA;CancerHotspot: yes;3DHotspot: no			MutationAssessor: impact: medium, score: 6.190048689337071;SIFT: impact: deleterious, score: 0;Polyphen-2: impact: possibly_damaging, score: 0.793;AlphaMissense: pathogenicity: pathogenic, score: 0.977	Missense_Mutation	SNP	ShallowDel	Somatic	NA	broad.mit.edu	19	10602763	10602763	C	A	19:g.10602763C>A	ENST00000171111.5:c.815G>T	0.58		18	13		73	310	3/6					83.0		3376.0		0.7090	No	No	Mx	N0	LUSC	111.05	1:DECEASED	1	Male	Current Smoker	84.0	Matched	IA	10.36666667	T1
KEAP1	Pan-Lung Cancer (TCGA, Nat Genet 2016)	TCGA-33-AASB-01	Non-Small Cell Lung Cancer	Lung Squamous Cell Carcinoma	R320L	OncoKB: Likely Oncogenic, level NA, resistance NA;CIViC: NA;CancerHotspot: yes;3DHotspot: no			MutationAssessor: impact: medium, score: 6.179255215309531;SIFT: impact: deleterious, score: 0;Polyphen-2: impact: possibly_damaging, score: 0.758;AlphaMissense: pathogenicity: pathogenic, score: 0.9699	Missense_Mutation	SNP	ShallowDel	Somatic	NA	broad.mit.edu	19	10602619	10602619	C	A	19:g.10602619C>A	ENST00000171111.5:c.959G>T	0.58		19	14		37	327	3/6					66.0		211.0		0.5134	No	No	Mx	N0	LUSC	6.94	1:DECEASED	1	Male	Current Smoker	40.0	Matched	IB	10.93333333	T2
KEAP1	Pan-Lung Cancer (TCGA, Nat Genet 2016)	TCGA-33-6738-01	Non-Small Cell Lung Cancer	Lung Squamous Cell Carcinoma	R362Q	OncoKB: Likely Oncogenic, level NA, resistance NA;CIViC: NA;CancerHotspot: yes;3DHotspot: no			MutationAssessor: impact: medium, score: 6.1928264742593715;SIFT: impact: deleterious, score: 0.02;Polyphen-2: impact: possibly_damaging, score: 0.86;AlphaMissense: pathogenicity: pathogenic, score: 0.9599	Missense_Mutation	SNP	ShallowDel	Somatic	NA	broad.mit.edu	19	10602493	10602493	C	T	19:g.10602493C>T	ENST00000171111.5:c.1085G>A	0.33		3	6		24	300	3/6					80.0			822.0	0.4722	No	No	Mx	N2	LUSC	27.04	0:LIVING	1	Male	Current Reformed Smoker For < Or = 15 Years	50.0	Matched	IIIA	10	T1
KEAP1	Pan-Lung Cancer (TCGA, Nat Genet 2016)	TCGA-33-4538-01	Non-Small Cell Lung Cancer	Lung Squamous Cell Carcinoma	L310P	OncoKB: Unknown, level NA, resistance NA;CIViC: NA;CancerHotspot: no;3DHotspot: no			MutationAssessor: impact: medium, score: 6.26091774336118;SIFT: impact: deleterious, score: 0.01;Polyphen-2: impact: probably_damaging, score: 0.915;AlphaMissense: pathogenicity: pathogenic, score: 0.8873	Missense_Mutation	SNP	Gain	Somatic	NA	broad.mit.edu	19	10602649	10602649	A	G	19:g.10602649A>G	ENST00000171111.5:c.929T>C	0.37		47	79		155	158	3/6					66.0		2979.0		0.6392	No	No	M0	N2	LUSC	97.99	1:DECEASED	1	Male	Current Smoker	51.0	Matched	IIIA	5.233333333	T2
KEAP1	Pan-Lung Cancer (TCGA, Nat Genet 2016)	TCGA-33-4532-01	Non-Small Cell Lung Cancer	Lung Squamous Cell Carcinoma	N469Kfs*11	OncoKB: Likely Oncogenic, level NA, resistance NA;CIViC: NA;CancerHotspot: no;3DHotspot: no			MutationAssessor: NA;SIFT: NA;Polyphen-2: NA;AlphaMissense: NA	Frame_Shift_Ins	INS	ShallowDel	Somatic	---	broad.mit.edu	19	10600448	10600449	-	T	19:g.10600448_10600449insT	ENST00000171111.5:c.1406dup	0.59		55	38		151	321	4/6					68.0			2524.0	0.4359	No	No	M0	N0	LUSC	83.03	0:LIVING	1	Male	Current Smoker	53.0	Matched	IB	10.7	T2
KEAP1	Pan-Lung Cancer (TCGA, Nat Genet 2016)	TCGA-22-4599-01	Non-Small Cell Lung Cancer	Lung Squamous Cell Carcinoma	V155F	OncoKB: Oncogenic, level NA, resistance NA;CIViC: NA;CancerHotspot: yes;3DHotspot: yes			MutationAssessor: impact: medium, score: 5.634987268174279;SIFT: impact: deleterious, score: 0.01;Polyphen-2: impact: probably_damaging, score: 0.954;AlphaMissense: pathogenicity: pathogenic, score: 0.7	Missense_Mutation	SNP	Diploid	Somatic	NA	broad.mit.edu	19	10610247	10610247	C	A	19:g.10610247C>A	ENST00000171111.5:c.463G>T	0.30		30	69		111	320	2/6					73.0		1161.0	1161.0	0.6777	No	No	M0	N0	LUSC	38.19	1:DECEASED	1	Female	Current Smoker	25.0	Matched	IB	10.7	T2a
KEAP1	Pan-Lung Cancer (TCGA, Nat Genet 2016)	TCGA-22-4594-01	Non-Small Cell Lung Cancer	Lung Squamous Cell Carcinoma	C319Afs*9	OncoKB: Likely Oncogenic, level NA, resistance NA;CIViC: NA;CancerHotspot: no;3DHotspot: no			MutationAssessor: NA;SIFT: NA;Polyphen-2: NA;AlphaMissense: NA	Frame_Shift_Del	DEL	ShallowDel	Somatic	---	broad.mit.edu	19	10602624	10602624	G	-	19:g.10602624del	ENST00000171111.5:c.954del	0.36		48	87		189	336	3/6					60.0		1470.0	1470.0	0.3237	No	No	M0	N2	LUSC	48.36	1:DECEASED	1	Female	Current Reformed Smoker For < Or = 15 Years	40.0	Matched	IIIA	11.3	T3
KEAP1	Pan-Lung Cancer (TCGA, Nat Genet 2016)	TCGA-21-1077-01	Non-Small Cell Lung Cancer	Lung Squamous Cell Carcinoma	D422N	OncoKB: Oncogenic, level NA, resistance NA;CIViC: NA;CancerHotspot: yes;3DHotspot: no			MutationAssessor: impact: medium, score: 5.75812994977955;SIFT: impact: deleterious, score: 0.05;Polyphen-2: impact: possibly_damaging, score: 0.637;AlphaMissense: pathogenicity: pathogenic, score: 0.8365	Missense_Mutation	SNP	ShallowDel	Somatic	NA	broad.mit.edu	19	10602314	10602314	C	T	19:g.10602314C>T	ENST00000171111.5:c.1264G>A	0.16		5	26		32	192	3/6					64.0		1058.0	1058.0	0.1839	No	Yes, history of prior malignancy	M0	N1	LUSC	34.8	1:DECEASED	1	Male	Current Reformed Smoker For < Or = 15 Years	56.0	Matched	IIB	6.4	T2
KEAP1	Pan-Lung Cancer (TCGA, Nat Genet 2016)	TCGA-18-5595-01	Non-Small Cell Lung Cancer	Lung Squamous Cell Carcinoma	R260Q	OncoKB: Likely Oncogenic, level NA, resistance NA;CIViC: NA;CancerHotspot: yes;3DHotspot: no			MutationAssessor: impact: medium, score: 6.308536204568407;SIFT: impact: deleterious, score: 0;Polyphen-2: impact: probably_damaging, score: 0.999;AlphaMissense: pathogenicity: pathogenic, score: 0.821	Missense_Mutation	SNP	Diploid	Somatic	NA	broad.mit.edu	19	10602799	10602799	C	T	19:g.10602799C>T	ENST00000171111.5:c.779G>A	0.39		38	59		97	191	3/6					50.0		827.0	827.0	0.1299	No	Yes, history of prior malignancy	M0	N0	LUSC	27.2	1:DECEASED	1	Male	Lifelong Non-Smoker		Matched	IB	6.4	T2
KEAP1	Pan-Lung Cancer (TCGA, Nat Genet 2016)	TCGA-18-5595-01	Non-Small Cell Lung Cancer	Lung Squamous Cell Carcinoma	E493D	OncoKB: Unknown, level NA, resistance NA;CIViC: NA;CancerHotspot: no;3DHotspot: no			MutationAssessor: impact: low, score: 3.213688671166162;SIFT: impact: tolerated, score: 0.2;Polyphen-2: impact: benign, score: 0.005;AlphaMissense: pathogenicity: benign, score: 0.2986	Missense_Mutation	SNP	Diploid	Somatic	NA	broad.mit.edu	19	10600376	10600376	C	G	19:g.10600376C>G	ENST00000171111.5:c.1479G>C	0.38		34	56		114	191	4/6					50.0		827.0	827.0	0.1299	No	Yes, history of prior malignancy	M0	N0	LUSC	27.2	1:DECEASED	1	Male	Lifelong Non-Smoker		Matched	IB	6.4	T2
KEAP1	Pan-Lung Cancer (TCGA, Nat Genet 2016)	TCGA-18-3409-01	Non-Small Cell Lung Cancer	Lung Squamous Cell Carcinoma	P318L	OncoKB: Unknown, level NA, resistance NA;CIViC: NA;CancerHotspot: no;3DHotspot: no			MutationAssessor: impact: low, score: 4.798384137032132;SIFT: impact: deleterious, score: 0.03;Polyphen-2: impact: possibly_damaging, score: 0.759;AlphaMissense: pathogenicity: benign, score: 0.1272	Missense_Mutation	SNP	ShallowDel	Somatic	NA	broad.mit.edu	19	10602625	10602625	G	A	19:g.10602625G>A	ENST00000171111.5:c.953C>T	0.20		5	20		23	2363	3/6					74.0			2417.0	0.2572	No	Yes, history of prior malignancy	M0	N0	LUSC	79.51	0:LIVING	1	Male	Current Reformed Smoker For > 15 Years	20.0	Matched	IA	78.8	T1
KEAP1	Pan-Lung Cancer (TCGA, Nat Genet 2016)	TCGA-18-3407-01	Non-Small Cell Lung Cancer	Lung Squamous Cell Carcinoma	V155F	OncoKB: Oncogenic, level NA, resistance NA;CIViC: NA;CancerHotspot: yes;3DHotspot: yes			MutationAssessor: impact: medium, score: 5.634987268174279;SIFT: impact: deleterious, score: 0.01;Polyphen-2: impact: probably_damaging, score: 0.954;AlphaMissense: pathogenicity: pathogenic, score: 0.7	Missense_Mutation	SNP	Gain	Somatic	NA	broad.mit.edu	19	10610247	10610247	C	A	19:g.10610247C>A	ENST00000171111.5:c.463G>T	0.34		25	49		65	57	2/6					72.0		136.0		0.2376	No	No	M0	N0	LUSC	4.47	1:DECEASED	1	Male	Current Reformed Smoker For > 15 Years	40.0	Matched	IB	1.9	T2
KEAP1	Pan-Lung Cancer (TCGA, Nat Genet 2016)	TCGA-05-4418-01	Non-Small Cell Lung Cancer	Lung Adenocarcinoma	R460G	OncoKB: Unknown, level NA, resistance NA;CIViC: NA;CancerHotspot: no;3DHotspot: yes			MutationAssessor: impact: medium, score: 6.301527605861213;SIFT: impact: deleterious, score: 0;Polyphen-2: impact: probably_damaging, score: 1;AlphaMissense: pathogenicity: pathogenic, score: 0.9981	Missense_Mutation	SNP	ShallowDel	Somatic	NA	broad.mit.edu	19	10600477	10600477	T	C	19:g.10600477T>C	ENST00000171111.5:c.1378A>G	0.37		14	24		54	237	4/6					69.0		274.0		0.1433	No	Yes, history of prior malignancy	M0	N2	LUAD	9.0	1:DECEASED	1	Male	Current Smoker	25.0	Matched	IIIA	7.9	T3
KEAP1	Pan-Lung Cancer (TCGA, Nat Genet 2016)	TCGA-05-4395-01	Non-Small Cell Lung Cancer	Lung Adenocarcinoma	D479G	OncoKB: Likely Oncogenic, level NA, resistance NA;CIViC: NA;CancerHotspot: no;3DHotspot: yes			MutationAssessor: impact: medium, score: 6.270986645126214;SIFT: impact: deleterious, score: 0.02;Polyphen-2: impact: probably_damaging, score: 0.995;AlphaMissense: pathogenicity: pathogenic, score: 0.9749	Missense_Mutation	SNP	ShallowDel	Somatic	NA	broad.mit.edu	19	10600419	10600419	T	C	19:g.10600419T>C	ENST00000171111.5:c.1436A>G	0.48		28	30		74	215	4/6					76.0		0.0		0.5598	No	No	M0	N2	LUAD	0.0	1:DECEASED	1	Male	Current Reformed Smoker For > 15 Years		Matched	IIIB	7.2	T4
KEAP1	Pan-Lung Cancer (TCGA, Nat Genet 2016)	TCGA-05-4389-01	Non-Small Cell Lung Cancer	Lung Adenocarcinoma	F246L	OncoKB: Unknown, level NA, resistance NA;CIViC: NA;CancerHotspot: no;3DHotspot: no			MutationAssessor: impact: low, score: 4.825111504865804;SIFT: impact: deleterious, score: 0;Polyphen-2: impact: benign, score: 0.251;AlphaMissense: pathogenicity: pathogenic, score: 0.9957	Missense_Mutation	SNP	ShallowDel	Somatic	NA	broad.mit.edu	19	10602840	10602840	G	C	19:g.10602840G>C	ENST00000171111.5:c.738C>G	0.38		26	42		66	233	3/6					70.0			1369.0	0.4579	No	No	M0	N0	LUAD	45.0	0:LIVING	1	Male	Current Reformed Smoker For > 15 Years	43.0	Matched	IA	7.8	T1
KEAP1	Pan-Lung Cancer (TCGA, Nat Genet 2016)	TCGA-05-4384-01	Non-Small Cell Lung Cancer	Lung Adenocarcinoma	G524C	OncoKB: Likely Oncogenic, level NA, resistance NA;CIViC: NA;CancerHotspot: no;3DHotspot: no			MutationAssessor: impact: medium, score: 5.930274786694271;SIFT: impact: deleterious, score: 0;Polyphen-2: impact: probably_damaging, score: 1;AlphaMissense: pathogenicity: pathogenic, score: 0.9979	Missense_Mutation	SNP	ShallowDel	Somatic	NA	broad.mit.edu	19	10600006	10600006	C	A	19:g.10600006C>A	ENST00000171111.5:c.1570G>T	0.31		11	24		28	122	5/6					66.0			426.0	0.0661	No	Yes, history of prior malignancy	M0	N2	LUAD	14.0	0:LIVING	1	Male	Current Reformed Smoker For > 15 Years	20.0	Matched	IIIA	4.066666667	T2
KEAP1	Pan-Lung Cancer (TCGA, Nat Genet 2016)	LUAD-YINHD-Tumor	Non-Small Cell Lung Cancer	Lung Adenocarcinoma	G419W	OncoKB: Unknown, level NA, resistance NA;CIViC: NA;CancerHotspot: no;3DHotspot: no			MutationAssessor: impact: medium, score: 6.083902339185128;SIFT: impact: deleterious, score: 0;Polyphen-2: impact: probably_damaging, score: 1;AlphaMissense: pathogenicity: pathogenic, score: 0.9979	Missense_Mutation	SNP	ShallowDel	Somatic	NA	broad.mit.edu	19	10602323	10602323	C	A	19:g.10602323C>A	ENST00000171111.5:c.1255G>T	0.28		12	31		16	2676	3/6						65.0			0.0669					LUAD			1	Male	Current Smoker	33.75	Matched	IIIB	89.13333333	
KEAP1	Pan-Lung Cancer (TCGA, Nat Genet 2016)	LUAD-U6SJ7-Tumor	Non-Small Cell Lung Cancer	Lung Adenocarcinoma	R601W	OncoKB: Likely Oncogenic, level NA, resistance NA;CIViC: NA;CancerHotspot: yes;3DHotspot: no			MutationAssessor: impact: medium, score: 6.192747083976576;SIFT: impact: deleterious, score: 0;Polyphen-2: impact: probably_damaging, score: 0.997;AlphaMissense: pathogenicity: pathogenic, score: 0.9897	Missense_Mutation	SNP	ShallowDel	Somatic	NA	broad.mit.edu	19	10597402	10597402	G	A	19:g.10597402G>A	ENST00000171111.5:c.1801C>T	0.32		52	109		208	156	6/6						78.0			0.1182					LUAD			1	Male	Current Reformed Smoker, Duration Not Specified	21.0	Matched	IA	5.2	
KEAP1	Pan-Lung Cancer (TCGA, Nat Genet 2016)	LUAD-TJW61-Tumor	Non-Small Cell Lung Cancer	Lung Adenocarcinoma	R507L	OncoKB: Unknown, level NA, resistance NA;CIViC: NA;CancerHotspot: no;3DHotspot: no			MutationAssessor: impact: medium, score: 6.299666792399716;SIFT: impact: deleterious, score: 0.02;Polyphen-2: impact: probably_damaging, score: 0.999;AlphaMissense: pathogenicity: pathogenic, score: 0.9951	Missense_Mutation	SNP	Gain	Somatic	NA	broad.mit.edu	19	10600335	10600335	C	A	19:g.10600335C>A	ENST00000171111.5:c.1520G>T	0.82		130	28		71	292	4/6						77.0			0.5303					LUAD			1	Female	Current Reformed Smoker, Duration Not Specified	60.0	Matched		9.666666667	
KEAP1	Pan-Lung Cancer (TCGA, Nat Genet 2016)	LUAD-S01409-Tumor	Non-Small Cell Lung Cancer	Lung Adenocarcinoma	R320P	OncoKB: Likely Oncogenic, level NA, resistance NA;CIViC: NA;CancerHotspot: yes;3DHotspot: no			MutationAssessor: impact: low, score: 4.264934517064983;SIFT: impact: deleterious, score: 0.04;Polyphen-2: impact: probably_damaging, score: 0.977;AlphaMissense: pathogenicity: pathogenic, score: 0.9565	Missense_Mutation	SNP	ShallowDel	Somatic	NA	broad.mit.edu	19	10602619	10602619	C	G	19:g.10602619C>G	ENST00000171111.5:c.959G>C	0.37		20	34		64	555	3/6						69.0			0.3622					LUAD			1	Female	Current Reformed Smoker, Duration Not Specified	34.0	Matched	IV	18.5	
KEAP1	Pan-Lung Cancer (TCGA, Nat Genet 2016)	LUAD-S01404-Tumor	Non-Small Cell Lung Cancer	Lung Adenocarcinoma	D389Y	OncoKB: Likely Oncogenic, level NA, resistance NA;CIViC: NA;CancerHotspot: no;3DHotspot: no			MutationAssessor: impact: medium, score: 6.2162753157166275;SIFT: impact: deleterious, score: 0;Polyphen-2: impact: probably_damaging, score: 1;AlphaMissense: pathogenicity: pathogenic, score: 0.9974	Missense_Mutation	SNP	ShallowDel	Somatic	NA	broad.mit.edu	19	10602413	10602413	C	A	19:g.10602413C>A	ENST00000171111.5:c.1165G>T	0.73		8	3		11	169	3/6						55.0			0.6489					LUAD			1	Male	Current Smoker	78.0	Matched	IIIA	5.633333333	
KEAP1	Pan-Lung Cancer (TCGA, Nat Genet 2016)	LUAD-S01381-Tumor	Non-Small Cell Lung Cancer	Lung Adenocarcinoma	H96L	OncoKB: Unknown, level NA, resistance NA;CIViC: NA;CancerHotspot: no;3DHotspot: no			MutationAssessor: impact: medium, score: 6.298920523604463;SIFT: impact: deleterious, score: 0;Polyphen-2: impact: probably_damaging, score: 0.999;AlphaMissense: pathogenicity: pathogenic, score: 0.9937	Missense_Mutation	SNP	ShallowDel	Somatic	NA	broad.mit.edu	19	10610423	10610423	T	A	19:g.10610423T>A	ENST00000171111.5:c.287A>T	0.71		29	12		96	186	2/6						61.0			0.2325					LUAD			1	Male	Current Reformed Smoker, Duration Not Specified	60.0	Matched	IB	6.166666667	
KEAP1	Pan-Lung Cancer (TCGA, Nat Genet 2016)	LUAD-S01306-Tumor	Non-Small Cell Lung Cancer	Lung Adenocarcinoma	N397del	OncoKB: Unknown, level NA, resistance NA;CIViC: NA;CancerHotspot: no;3DHotspot: no			MutationAssessor: NA;SIFT: NA;Polyphen-2: NA;AlphaMissense: NA	In_Frame_Del	DEL	ShallowDel	Somatic	---	broad.mit.edu	19	10602387	10602389	GTT	-	19:g.10602387_10602389del	ENST00000171111.5:c.1189_1191del	0.50		11	11		30	354	3/6						55.0			0.4356					LUAD			1	Female	Current Smoker	63.0	Matched	IIB	11.83333333	
KEAP1	Pan-Lung Cancer (TCGA, Nat Genet 2016)	LUAD-RT-S01840-Tumor	Non-Small Cell Lung Cancer	Lung Adenocarcinoma	E611D	OncoKB: Likely Neutral, level NA, resistance NA;CIViC: NA;CancerHotspot: no;3DHotspot: no			MutationAssessor: impact: medium, score: 5.994514600338317;SIFT: impact: deleterious, score: 0.03;Polyphen-2: impact: benign, score: 0.101;AlphaMissense: pathogenicity: pathogenic, score: 0.7502	Missense_Mutation	SNP	ShallowDel	Somatic	NA	broad.mit.edu	19	10597370	10597370	C	G	19:g.10597370C>G	ENST00000171111.5:c.1833G>C	0.25		36	109		126	127	6/6									0.1004					LUAD			1	Male		111.0	Matched		4.233333333	
KEAP1	Pan-Lung Cancer (TCGA, Nat Genet 2016)	LUAD-RT-S01818-Tumor	Non-Small Cell Lung Cancer	Lung Adenocarcinoma	R320M	OncoKB: Likely Oncogenic, level NA, resistance NA;CIViC: NA;CancerHotspot: yes;3DHotspot: no			MutationAssessor: NA;SIFT: impact: deleterious, score: 0;Polyphen-2: impact: probably_damaging, score: 0.957;AlphaMissense: NA	Missense_Mutation	DNP	Diploid	Somatic	NA	broad.mit.edu	19	10602619	10602620	CG	AT	19:g.10602619_10602620delinsAT	ENST00000171111.5:c.958_959delinsAT	0.13		5	33		48	325	3/6									0.0684					LUAD			1	Male		55.0	Matched		10.83333333	
KEAP1	Pan-Lung Cancer (TCGA, Nat Genet 2016)	LUAD-RT-S01774-Tumor	Non-Small Cell Lung Cancer	Lung Adenocarcinoma	X511_splice	OncoKB: Likely Oncogenic, level NA, resistance NA;CIViC: NA;CancerHotspot: no;3DHotspot: no			MutationAssessor: NA;SIFT: NA;Polyphen-2: NA;AlphaMissense: NA	Splice_Site	SNP	ShallowDel	Somatic	NA	broad.mit.edu	19	10600046	10600046	T	C	19:g.10600046T>C	ENST00000171111.5:c.1532-2A>G	0.67		12	6		25	340							55.0			0.5529					LUAD			1	Female	Current Smoker	38.0	Matched	IB	11.33333333	
KEAP1	Pan-Lung Cancer (TCGA, Nat Genet 2016)	LUAD-RT-S01769-Tumor	Non-Small Cell Lung Cancer	Lung Adenocarcinoma	T314Rfs*3	OncoKB: Likely Oncogenic, level NA, resistance NA;CIViC: NA;CancerHotspot: no;3DHotspot: no			MutationAssessor: NA;SIFT: NA;Polyphen-2: NA;AlphaMissense: NA	Frame_Shift_Del	DEL	ShallowDel	Somatic	---	broad.mit.edu	19	10602639	10602639	G	-	19:g.10602639del	ENST00000171111.5:c.939del	0.26		11	32		57	285	3/6						61.0			0.4510					LUAD			1	Male	Current Smoker	46.0	Matched	IB	9.5	
KEAP1	Pan-Lung Cancer (TCGA, Nat Genet 2016)	LUAD-RT-S01721-Tumor	Non-Small Cell Lung Cancer	Lung Adenocarcinoma	Y141F	OncoKB: Unknown, level NA, resistance NA;CIViC: NA;CancerHotspot: no;3DHotspot: no			MutationAssessor: impact: medium, score: 6.305597180676311;SIFT: impact: deleterious, score: 0;Polyphen-2: impact: probably_damaging, score: 0.998;AlphaMissense: pathogenicity: pathogenic, score: 0.8773	Missense_Mutation	SNP	ShallowDel	Somatic	NA	broad.mit.edu	19	10610288	10610288	T	A	19:g.10610288T>A	ENST00000171111.5:c.422A>T	0.68		26	12		38	354	2/6						74.0			0.5361					LUAD			1	Male	Current Reformed Smoker, Duration Not Specified	48.0	Matched	IB	11.8	
KEAP1	Pan-Lung Cancer (TCGA, Nat Genet 2016)	LUAD-RT-S01703-Tumor	Non-Small Cell Lung Cancer	Lung Adenocarcinoma	T400dup	OncoKB: Unknown, level NA, resistance NA;CIViC: NA;CancerHotspot: no;3DHotspot: no			MutationAssessor: NA;SIFT: NA;Polyphen-2: NA;AlphaMissense: NA	In_Frame_Ins	INS	ShallowDel	Somatic	---	broad.mit.edu	19	10602376	10602377	-	TGG	19:g.10602376_10602377insTGG	ENST00000171111.5:c.1199_1201dup	0.33		2	4		18	180	3/6						54.0			0.1746					LUAD			1	Male	Current Reformed Smoker, Duration Not Specified	30.0	Matched	IA	6	
KEAP1	Pan-Lung Cancer (TCGA, Nat Genet 2016)	LUAD-RT-S01702-Tumor	Non-Small Cell Lung Cancer	Lung Adenocarcinoma	R272H	OncoKB: Likely Oncogenic, level NA, resistance NA;CIViC: NA;CancerHotspot: yes;3DHotspot: no			MutationAssessor: impact: low, score: 3.407788485675724;SIFT: impact: tolerated, score: 0.19;Polyphen-2: impact: benign, score: 0.023;AlphaMissense: pathogenicity: pathogenic, score: 0.5926	Missense_Mutation	SNP	Diploid	Somatic	NA	broad.mit.edu	19	10602763	10602763	C	T	19:g.10602763C>T	ENST00000171111.5:c.815G>A	0.39		23	36		98	461	3/6						60.0			0.3219					LUAD			1	Female	Lifelong Non-Smoker	0.0	Matched	IB	15.5	
KEAP1	Pan-Lung Cancer (TCGA, Nat Genet 2016)	LUAD-RT-S01700-Tumor	Non-Small Cell Lung Cancer	Lung Adenocarcinoma	R71L	OncoKB: Likely Oncogenic, level NA, resistance NA;CIViC: NA;CancerHotspot: yes;3DHotspot: no			MutationAssessor: impact: medium, score: 5.720793493778223;SIFT: impact: deleterious, score: 0.03;Polyphen-2: impact: probably_damaging, score: 1;AlphaMissense: pathogenicity: pathogenic, score: 0.9708	Missense_Mutation	SNP	ShallowDel	Somatic	NA	broad.mit.edu	19	10610498	10610498	C	A	19:g.10610498C>A	ENST00000171111.5:c.212G>T	0.19		15	66		64	203	2/6						38.0			0.1110					LUAD			1	Female	Current Smoker	17.0	Matched	IA	6.8	
KEAP1	Pan-Lung Cancer (TCGA, Nat Genet 2016)	LUAD-NYU776-Tumor	Non-Small Cell Lung Cancer	Lung Adenocarcinoma	G417V	OncoKB: Likely Oncogenic, level NA, resistance NA;CIViC: NA;CancerHotspot: yes;3DHotspot: no			MutationAssessor: impact: medium, score: 6.29441936792498;SIFT: impact: deleterious, score: 0;Polyphen-2: impact: probably_damaging, score: 0.996;AlphaMissense: pathogenicity: pathogenic, score: 0.989	Missense_Mutation	SNP	ShallowDel	Somatic	NA	broad.mit.edu	19	10602328	10602328	C	A	19:g.10602328C>A	ENST00000171111.5:c.1250G>T	0.63		5	3		15	502	3/6						55.0			0.5994					LUAD			1	Female	Current Reformed Smoker, Duration Not Specified	30.0	Matched	IIIA	16.73333333	
KEAP1	Pan-Lung Cancer (TCGA, Nat Genet 2016)	LUAD-NYU739-Tumor	Non-Small Cell Lung Cancer	Lung Adenocarcinoma	T588Yfs*31	OncoKB: Likely Oncogenic, level NA, resistance NA;CIViC: NA;CancerHotspot: no;3DHotspot: no			MutationAssessor: NA;SIFT: NA;Polyphen-2: NA;AlphaMissense: NA	Frame_Shift_Ins	INS	ShallowDel	Somatic	---	broad.mit.edu	19	10597441	10597442	-	A	19:g.10597441_10597442insA	ENST00000171111.5:c.1761dup	0.22		11	39		104	82	6/6						72.0			0.1017					LUAD			1	Female	Current Reformed Smoker, Duration Not Specified	20.0	Matched	IA	2.733333333	
KEAP1	Pan-Lung Cancer (TCGA, Nat Genet 2016)	LUAD-D01603-Tumor	Non-Small Cell Lung Cancer	Lung Adenocarcinoma	M110I	OncoKB: Likely Oncogenic, level NA, resistance NA;CIViC: NA;CancerHotspot: yes;3DHotspot: no			MutationAssessor: impact: medium, score: 6.3030112864751136;SIFT: impact: deleterious, score: 0;Polyphen-2: impact: probably_damaging, score: 0.996;AlphaMissense: pathogenicity: pathogenic, score: 0.9964	Missense_Mutation	SNP	ShallowDel	Somatic	NA	broad.mit.edu	19	10610380	10610380	C	T	19:g.10610380C>T	ENST00000171111.5:c.330G>A	0.56		20	16		37	695	2/6						52.0			0.3839					LUAD			1	Male			Matched	IV	23.16666667	
KEAP1	Pan-Lung Cancer (TCGA, Nat Genet 2016)	LUAD-B02477-Tumor	Non-Small Cell Lung Cancer	Lung Adenocarcinoma	R260L	OncoKB: Likely Oncogenic, level NA, resistance NA;CIViC: NA;CancerHotspot: yes;3DHotspot: no			MutationAssessor: impact: medium, score: 6.308536204568407;SIFT: impact: deleterious, score: 0;Polyphen-2: impact: probably_damaging, score: 1;AlphaMissense: pathogenicity: pathogenic, score: 0.9813	Missense_Mutation	SNP	ShallowDel	Somatic	NA	broad.mit.edu	19	10602799	10602799	C	A	19:g.10602799C>A	ENST00000171111.5:c.779G>T	0.34		21	41		81	137	3/6				0.000058		77.0			0.1310					LUAD			1	Male	Current Reformed Smoker, Duration Not Specified	35.0	Matched	IIIA	4.6	
KEAP1	Pan-Lung Cancer (TCGA, Nat Genet 2016)	LUAD-B00390-Tumor	Non-Small Cell Lung Cancer	Lung Adenocarcinoma	X570_splice	OncoKB: Likely Oncogenic, level NA, resistance NA;CIViC: NA;CancerHotspot: no;3DHotspot: no			MutationAssessor: NA;SIFT: NA;Polyphen-2: NA;AlphaMissense: NA	Splice_Site	SNP	Gain	Somatic	NA	broad.mit.edu	19	10597496	10597496	T	A	19:g.10597496T>A	ENST00000171111.5:c.1709-2A>T	0.31		22	49		87	128							83.0			0.3659					LUAD			1	Male			Matched	IIA	4.266666667	
KEAP1	Pan-Lung Cancer (TCGA, Nat Genet 2016)	LUAD-B00390-Tumor	Non-Small Cell Lung Cancer	Lung Adenocarcinoma	E493V	OncoKB: Unknown, level NA, resistance NA;CIViC: NA;CancerHotspot: no;3DHotspot: no			MutationAssessor: impact: medium, score: 6.14692269963281;SIFT: impact: deleterious, score: 0.02;Polyphen-2: impact: possibly_damaging, score: 0.743;AlphaMissense: pathogenicity: pathogenic, score: 0.8353	Missense_Mutation	SNP	Gain	Somatic	NA	broad.mit.edu	19	10600377	10600377	T	A	19:g.10600377T>A	ENST00000171111.5:c.1478A>T	0.43		42	56		97	128	4/6						83.0			0.3659					LUAD			1	Male			Matched	IIA	4.266666667	
KEAP1	Pan-Lung Cancer (TCGA, Nat Genet 2016)	LUAD-AEIUF-Tumor	Non-Small Cell Lung Cancer	Lung Adenocarcinoma	V316_M317del	OncoKB: Unknown, level NA, resistance NA;CIViC: NA;CancerHotspot: no;3DHotspot: no			MutationAssessor: NA;SIFT: NA;Polyphen-2: NA;AlphaMissense: NA	In_Frame_Del	DEL	ShallowDel	Somatic	---	broad.mit.edu	19	10602627	10602632	CATCAC	-	19:g.10602627_10602632del	ENST00000171111.5:c.946_951del	0.36		10	18		71	161	3/6						60.0			0.1942					LUAD			1	Female	Current Reformed Smoker, Duration Not Specified	73.5	Matched		5.333333333	
