Gene	Study of Origin	Sample ID	Cancer Type	Cancer Type Detailed	Protein Change	Annotation	Custom Driver	Custom Driver Tiers	Functional Impact	Mutation Type	Variant Type	Copy #	MS	VS	Center	Chromosome	Start Pos	End Pos	Ref	Var	HGVSg	HGVSc	Allele Freq (T)	Allele Freq (N)	Variant Reads	Ref Reads	Variant Reads (Normal)	Ref Reads (Normal)	# Mut in Sample	Exon	gnomAD	ClinVar	dbSNP	SIGNAL	Diagnosis Age	Age At Surgery	Death from Initial Pathologic Diagnosis Date	Days to Last Followup	Fraction Genome Altered	Neoadjuvant Therapy Type Administered Prior To Resection Text	Prior Cancer Diagnosis Occurence	M Stage	N Stage	Oncotree Code	Overall Survival (Months)	Overall Survival Status	Number of Samples Per Patient	Sex	Smoking History	Person Cigarette Smoking History Pack Year Value	Somatic Status	Stage	TMB (nonsynonymous)	T Stage
KMT2D	Pan-Lung Cancer (TCGA, Nat Genet 2016)	TCGA-O2-A52W-01	Non-Small Cell Lung Cancer	Lung Squamous Cell Carcinoma	F3672Lfs*76	OncoKB: Likely Oncogenic, level NA, resistance NA;CIViC: NA;CancerHotspot: no;3DHotspot: no			MutationAssessor: NA;SIFT: NA;Polyphen-2: NA;AlphaMissense: NA	Frame_Shift_Del	DEL	ShallowDel	Somatic	---	broad.mit.edu	12	49427469	49427472	AAGG	-	12:g.49427469_49427472del	ENST00000301067.7:c.11016_11019del	0.09		9	93		74	101	39/54					63.0		261.0		0.5420	No	Yes, history of prior malignancy	Mx	N0	LUSC	8.59	1:DECEASED	1	Male	Current Reformed Smoker For < Or = 15 Years	2.5	Matched	I	3.4	T2
KMT2D	Pan-Lung Cancer (TCGA, Nat Genet 2016)	TCGA-O2-A52W-01	Non-Small Cell Lung Cancer	Lung Squamous Cell Carcinoma	Q3353*	OncoKB: Likely Oncogenic, level NA, resistance NA;CIViC: NA;CancerHotspot: no;3DHotspot: no			MutationAssessor: NA;SIFT: NA;Polyphen-2: NA;AlphaMissense: NA	Nonsense_Mutation	SNP	ShallowDel	Somatic	NA	broad.mit.edu	12	49431082	49431082	G	A	12:g.49431082G>A	ENST00000301067.7:c.10057C>T	0.16		4	21		18	101	34/54					63.0		261.0		0.5420	No	Yes, history of prior malignancy	Mx	N0	LUSC	8.59	1:DECEASED	1	Male	Current Reformed Smoker For < Or = 15 Years	2.5	Matched	I	3.4	T2
KMT2D	Pan-Lung Cancer (TCGA, Nat Genet 2016)	TCGA-O2-A52W-01	Non-Small Cell Lung Cancer	Lung Squamous Cell Carcinoma	A3051S	OncoKB: Unknown, level NA, resistance NA;CIViC: NA;CancerHotspot: no;3DHotspot: no			MutationAssessor: NA;SIFT: NA;Polyphen-2: NA;AlphaMissense: NA	Missense_Mutation	DNP	ShallowDel	Somatic	NA	broad.mit.edu	12	49431988	49431989	CC	AA	12:g.49431988_49431989delinsAA	ENST00000301067.7:c.9150_9151delinsTT	0.22		8	29		42	101	34/54					63.0		261.0		0.5420	No	Yes, history of prior malignancy	Mx	N0	LUSC	8.59	1:DECEASED	1	Male	Current Reformed Smoker For < Or = 15 Years	2.5	Matched	I	3.4	T2
KMT2D	Pan-Lung Cancer (TCGA, Nat Genet 2016)	TCGA-O2-A52S-01	Non-Small Cell Lung Cancer	Lung Squamous Cell Carcinoma	E437*	OncoKB: Likely Oncogenic, level NA, resistance NA;CIViC: NA;CancerHotspot: no;3DHotspot: no			MutationAssessor: NA;SIFT: NA;Polyphen-2: NA;AlphaMissense: NA	Nonsense_Mutation	SNP	Diploid	Somatic	NA	broad.mit.edu	12	49446157	49446157	C	A	12:g.49446157C>A	ENST00000301067.7:c.1309G>T	0.32		19	41		63	314	10/54					57.0		387.0		0.5598	No	No	Mx	N2	LUSC	12.73	1:DECEASED	1	Female	Current Reformed Smoker For < Or = 15 Years	3.0	Matched	III	10.5	T4
KMT2D	Pan-Lung Cancer (TCGA, Nat Genet 2016)	TCGA-O2-A52S-01	Non-Small Cell Lung Cancer	Lung Squamous Cell Carcinoma	G1616*	OncoKB: Likely Oncogenic, level NA, resistance NA;CIViC: NA;CancerHotspot: no;3DHotspot: no			MutationAssessor: NA;SIFT: NA;Polyphen-2: NA;AlphaMissense: NA	Nonsense_Mutation	SNP	Diploid	Somatic	NA	broad.mit.edu	12	49438644	49438644	C	A	12:g.49438644C>A	ENST00000301067.7:c.4846G>T	0.33		28	57		98	314	19/54					57.0		387.0		0.5598	No	No	Mx	N2	LUSC	12.73	1:DECEASED	1	Female	Current Reformed Smoker For < Or = 15 Years	3.0	Matched	III	10.5	T4
KMT2D	Pan-Lung Cancer (TCGA, Nat Genet 2016)	TCGA-O2-A52Q-01	Non-Small Cell Lung Cancer	Lung Squamous Cell Carcinoma	S3351Y	OncoKB: Unknown, level NA, resistance NA;CIViC: NA;CancerHotspot: no;3DHotspot: no			MutationAssessor: impact: medium, score: 5.399501992596903;SIFT: impact: deleterious, score: 0.02;Polyphen-2: impact: benign, score: 0.057;AlphaMissense: pathogenicity: ambiguous, score: 0.3629	Missense_Mutation	SNP	Gain	Somatic	NA	broad.mit.edu	12	49431087	49431087	G	T	12:g.49431087G>T	ENST00000301067.7:c.10052C>A	0.56		25	20		29	836	34/54					44.0		113.0		0.4490	No	No	Mx	N1	LUSC	3.72	1:DECEASED	1	Female	Current Smoker	1.0	Matched	III	28.03333333	T3
KMT2D	Pan-Lung Cancer (TCGA, Nat Genet 2016)	TCGA-NJ-A55R-01	Non-Small Cell Lung Cancer	Lung Adenocarcinoma	E431D	OncoKB: Unknown, level NA, resistance NA;CIViC: NA;CancerHotspot: no;3DHotspot: no			MutationAssessor: NA;SIFT: impact: tolerated_low_confidence, score: 0.08;Polyphen-2: impact: benign, score: 0.001;AlphaMissense: pathogenicity: benign, score: 0.1269	Missense_Mutation	SNP	Gain	Somatic	NA	broad.mit.edu	12	49446173	49446173	C	A	12:g.49446173C>A	ENST00000301067.7:c.1293G>T	0.23		10	34		229	221	10/54					67.0			603.0	0.0760	No	No	Mx	N0	LUAD	19.8	0:LIVING	1	Male	Current Reformed Smoker For > 15 Years	5.0	Matched	IA	7.4	T1b
KMT2D	Pan-Lung Cancer (TCGA, Nat Genet 2016)	TCGA-NJ-A4YQ-01	Non-Small Cell Lung Cancer	Lung Adenocarcinoma	S1671I	OncoKB: Unknown, level NA, resistance NA;CIViC: NA;CancerHotspot: no;3DHotspot: no			MutationAssessor: impact: medium, score: 5.44210840027376;SIFT: impact: deleterious, score: 0.01;Polyphen-2: impact: possibly_damaging, score: 0.888;AlphaMissense: pathogenicity: benign, score: 0.1977	Missense_Mutation	SNP	Diploid	Somatic	NA	broad.mit.edu	12	49438257	49438257	C	A	12:g.49438257C>A	ENST00000301067.7:c.5012G>T	0.15		14	77		85	970	20/54					69.0			886.0	0.1044	No	No	M0	N0	LUAD	29.1	0:LIVING	1	Female	Current Reformed Smoker For < Or = 15 Years	40.0	Matched	IA	32.46666667	T1b
KMT2D	Pan-Lung Cancer (TCGA, Nat Genet 2016)	TCGA-NC-A5HT-01	Non-Small Cell Lung Cancer	Lung Squamous Cell Carcinoma	E1915*	OncoKB: Likely Oncogenic, level NA, resistance NA;CIViC: NA;CancerHotspot: no;3DHotspot: no			MutationAssessor: NA;SIFT: NA;Polyphen-2: NA;AlphaMissense: NA	Nonsense_Mutation	SNP	Diploid	Somatic	NA	broad.mit.edu	12	49436563	49436563	C	A	12:g.49436563C>A	ENST00000301067.7:c.5743G>T	0.40		58	86		93	290	26/54					69.0			419.0	0.4029	No	No	M0	N1	LUSC	13.78	0:LIVING	1	Male	Current Reformed Smoker For < Or = 15 Years	50.0	Matched	IIIA	9.633333333	T3
KMT2D	Pan-Lung Cancer (TCGA, Nat Genet 2016)	TCGA-NC-A5HQ-01	Non-Small Cell Lung Cancer	Lung Squamous Cell Carcinoma	P710Hfs*21	OncoKB: Likely Oncogenic, level NA, resistance NA;CIViC: NA;CancerHotspot: no;3DHotspot: no			MutationAssessor: NA;SIFT: NA;Polyphen-2: NA;AlphaMissense: NA	Frame_Shift_Ins	INS	Gain	Somatic	---	broad.mit.edu	12	49445337	49445338	-	T	12:g.49445337_49445338insT	ENST00000301067.7:c.2128_2129insA	0.38		61	99		97	292	10/54					70.0		448.0		0.6606	No	No	M0	N2	LUSC	14.74	1:DECEASED	1	Male	Current Smoker		Matched	IIIA	9.733333333	T3
KMT2D	Pan-Lung Cancer (TCGA, Nat Genet 2016)	TCGA-NC-A5HQ-01	Non-Small Cell Lung Cancer	Lung Squamous Cell Carcinoma	S3075L	OncoKB: Unknown, level NA, resistance NA;CIViC: NA;CancerHotspot: no;3DHotspot: no			MutationAssessor: impact: medium, score: 5.4853561839813025;SIFT: impact: deleterious, score: 0.02;Polyphen-2: impact: possibly_damaging, score: 0.565;AlphaMissense: pathogenicity: pathogenic, score: 0.6883	Missense_Mutation	SNP	Gain	Somatic	NA	broad.mit.edu	12	49431915	49431915	G	A	12:g.49431915G>A	ENST00000301067.7:c.9224C>T	0.31		19	42		55	292	34/54					70.0		448.0		0.6606	No	No	M0	N2	LUSC	14.74	1:DECEASED	1	Male	Current Smoker		Matched	IIIA	9.733333333	T3
KMT2D	Pan-Lung Cancer (TCGA, Nat Genet 2016)	TCGA-NC-A5HN-01	Non-Small Cell Lung Cancer	Lung Squamous Cell Carcinoma	C778R	OncoKB: Unknown, level NA, resistance NA;CIViC: NA;CancerHotspot: no;3DHotspot: no			MutationAssessor: impact: neutral, score: 0.5877679211109976;SIFT: impact: tolerated_low_confidence, score: 0.9;Polyphen-2: impact: benign, score: 0;AlphaMissense: pathogenicity: benign, score: 0.0679	Missense_Mutation	SNP	Diploid	Somatic	NA	broad.mit.edu	12	49445134	49445134	A	G	12:g.49445134A>G	ENST00000301067.7:c.2332T>C	0.32		17	36		75	479	10/54		Conflicting_classifications_of_pathogenicity(Uncertain_significance(1)|Benign(1))		0.000058	77.0			894.0	0.6277	No	No	M0	N1	LUSC	29.41	0:LIVING	1	Male	Current Reformed Smoker For < Or = 15 Years	100.0	Matched	IIA	15.93333333	T2a
KMT2D	Pan-Lung Cancer (TCGA, Nat Genet 2016)	TCGA-NC-A5HI-01	Non-Small Cell Lung Cancer	Lung Squamous Cell Carcinoma	D3560N	OncoKB: Unknown, level NA, resistance NA;CIViC: NA;CancerHotspot: no;3DHotspot: no			MutationAssessor: impact: medium, score: 5.505926066323458;SIFT: impact: deleterious, score: 0.01;Polyphen-2: impact: probably_damaging, score: 0.996;AlphaMissense: pathogenicity: pathogenic, score: 0.9901	Missense_Mutation	SNP	Diploid	Somatic	NA	broad.mit.edu	12	49427912	49427912	C	T	12:g.49427912C>T	ENST00000301067.7:c.10678G>A	0.25		19	58		75	363	38/54					68.0			1135.0	0.3649	No	No	M0	N0	LUSC	37.34	0:LIVING	1	Female	Current Smoker	60.0	Matched	IB	12.03333333	T2
KMT2D	Pan-Lung Cancer (TCGA, Nat Genet 2016)	TCGA-NC-A5HH-01	Non-Small Cell Lung Cancer	Lung Squamous Cell Carcinoma	Q4232*	OncoKB: Likely Oncogenic, level NA, resistance NA;CIViC: NA;CancerHotspot: no;3DHotspot: no			MutationAssessor: NA;SIFT: NA;Polyphen-2: NA;AlphaMissense: NA	Nonsense_Mutation	SNP	Gain	Somatic	NA	broad.mit.edu	12	49425794	49425794	G	A	12:g.49425794G>A	ENST00000301067.7:c.12694C>T	0.23		16	55		50	307	39/54					53.0			37.0	0.4311	No	No	M0	N0	LUSC	1.22	0:LIVING	1	Male	Current Smoker	60.0	Matched	IA	10.26666667	T1
KMT2D	Pan-Lung Cancer (TCGA, Nat Genet 2016)	TCGA-NC-A5HH-01	Non-Small Cell Lung Cancer	Lung Squamous Cell Carcinoma	T2530Hfs*125	OncoKB: Likely Oncogenic, level NA, resistance NA;CIViC: NA;CancerHotspot: no;3DHotspot: no			MutationAssessor: NA;SIFT: NA;Polyphen-2: NA;AlphaMissense: NA	Frame_Shift_Ins	INS	Gain	Somatic	---	broad.mit.edu	12	49433966	49433967	-	A	12:g.49433966_49433967insA	ENST00000301067.7:c.7586_7587insT	0.31		16	35		28	307	31/54					53.0			37.0	0.4311	No	No	M0	N0	LUSC	1.22	0:LIVING	1	Male	Current Smoker	60.0	Matched	IA	10.26666667	T1
KMT2D	Pan-Lung Cancer (TCGA, Nat Genet 2016)	TCGA-NC-A5HG-01	Non-Small Cell Lung Cancer	Lung Squamous Cell Carcinoma	S2590Wfs*56	OncoKB: Likely Oncogenic, level NA, resistance NA;CIViC: NA;CancerHotspot: no;3DHotspot: no			MutationAssessor: NA;SIFT: NA;Polyphen-2: NA;AlphaMissense: NA	Frame_Shift_Del	DEL	Gain	Somatic	---	broad.mit.edu	12	49433759	49433784	GCTGCTGGGCCCCAGGGGGCTGCCCG	-	12:g.49433759_49433784del	ENST00000301067.7:c.7769_7794del	0.30		14	32		31	504	31/54					59.0			1548.0	0.7151	No	No	M0	N2	LUSC	50.92	0:LIVING	1	Male	Current Reformed Smoker For < Or = 15 Years	80.0	Matched	IIIA	16.83333333	T2
KMT2D	Pan-Lung Cancer (TCGA, Nat Genet 2016)	TCGA-NC-A5HF-01	Non-Small Cell Lung Cancer	Lung Squamous Cell Carcinoma	E676*	OncoKB: Likely Oncogenic, level NA, resistance NA;CIViC: NA;CancerHotspot: no;3DHotspot: no			MutationAssessor: NA;SIFT: NA;Polyphen-2: NA;AlphaMissense: NA	Nonsense_Mutation	SNP	Diploid	Somatic	NA	broad.mit.edu	12	49445440	49445440	C	A	12:g.49445440C>A	ENST00000301067.7:c.2026G>T	0.31		31	68		77	212	10/54					74.0		138.0		0.3843	No	No	Mx	N0	LUSC	4.54	1:DECEASED	1	Male	Current Smoker		Matched	IIIB	7.1	T4
KMT2D	Pan-Lung Cancer (TCGA, Nat Genet 2016)	TCGA-NC-A5HF-01	Non-Small Cell Lung Cancer	Lung Squamous Cell Carcinoma	R5432L	OncoKB: Likely Oncogenic, level NA, resistance NA;CIViC: NA;CancerHotspot: yes;3DHotspot: no			MutationAssessor: impact: medium, score: 5.453729718525058;SIFT: impact: deleterious, score: 0;Polyphen-2: impact: probably_damaging, score: 0.999;AlphaMissense: pathogenicity: pathogenic, score: 0.999	Missense_Mutation	SNP	Diploid	Somatic	NA	broad.mit.edu	12	49416416	49416416	C	A	12:g.49416416C>A	ENST00000301067.7:c.16295G>T	0.32		83	173		233	212	51/54		Likely_pathogenic			74.0		138.0		0.3843	No	No	Mx	N0	LUSC	4.54	1:DECEASED	1	Male	Current Smoker		Matched	IIIB	7.1	T4
KMT2D	Pan-Lung Cancer (TCGA, Nat Genet 2016)	TCGA-NC-A5HD-01	Non-Small Cell Lung Cancer	Lung Squamous Cell Carcinoma	Q4254Rfs*24	OncoKB: Likely Oncogenic, level NA, resistance NA;CIViC: NA;CancerHotspot: no;3DHotspot: no			MutationAssessor: NA;SIFT: NA;Polyphen-2: NA;AlphaMissense: NA	Frame_Shift_Del	DEL	Gain	Somatic	---	broad.mit.edu	12	49425728	49425728	G	-	12:g.49425728del	ENST00000301067.7:c.12760del	0.31		27	61		70	403	39/54					79.0		2.0		0.6868	No	Yes, history of prior malignancy	M0	N0	LUSC	0.07	1:DECEASED	1	Male	Current Reformed Smoker For < Or = 15 Years	50.0	Matched	IIB	13.43333333	T3
KMT2D	Pan-Lung Cancer (TCGA, Nat Genet 2016)	TCGA-MP-A4TK-01	Non-Small Cell Lung Cancer	Lung Adenocarcinoma	K4778N	OncoKB: Unknown, level NA, resistance NA;CIViC: NA;CancerHotspot: no;3DHotspot: no			MutationAssessor: impact: medium, score: 5.4603364212542544;SIFT: impact: tolerated, score: 0.13;Polyphen-2: impact: benign, score: 0.006;AlphaMissense: pathogenicity: ambiguous, score: 0.458	Missense_Mutation	SNP	ShallowDel	Somatic	NA	broad.mit.edu	12	49422659	49422659	T	A	12:g.49422659T>A	ENST00000301067.7:c.14334A>T	0.16		25	129		182	305	45/54					56.0		582.0		0.1971	No	No	Mx	N1	LUAD	19.1	1:DECEASED	1	Female	Current Reformed Smoker For < Or = 15 Years	28.0	Matched	IIB	10.2	T2
KMT2D	Pan-Lung Cancer (TCGA, Nat Genet 2016)	TCGA-MP-A4TF-01	Non-Small Cell Lung Cancer	Lung Adenocarcinoma	R4319I	OncoKB: Unknown, level NA, resistance NA;CIViC: NA;CancerHotspot: no;3DHotspot: no			MutationAssessor: impact: medium, score: 5.390664237017542;SIFT: impact: deleterious_low_confidence, score: 0;Polyphen-2: impact: possibly_damaging, score: 0.648;AlphaMissense: pathogenicity: benign, score: 0.2272	Missense_Mutation	SNP	Diploid	Somatic	NA	broad.mit.edu	12	49425532	49425532	C	A	12:g.49425532C>A	ENST00000301067.7:c.12956G>T	0.57		17	13		26	363	39/54					58.0		336.0		0.4141	No	No	M0	N0	LUAD	11.1	1:DECEASED	1	Female	Current Reformed Smoker For < Or = 15 Years	40.0	Matched	IIA	12.13333333	T2b
KMT2D	Pan-Lung Cancer (TCGA, Nat Genet 2016)	TCGA-MP-A4TD-01	Non-Small Cell Lung Cancer	Lung Adenocarcinoma	I5497del	OncoKB: Unknown, level NA, resistance NA;CIViC: NA;CancerHotspot: no;3DHotspot: no			MutationAssessor: NA;SIFT: NA;Polyphen-2: NA;AlphaMissense: NA	In_Frame_Del	DEL	Gain	Somatic	---	broad.mit.edu	12	49415856	49415858	GAT	-	12:g.49415856_49415858del	ENST00000301067.7:c.16489_16491del	0.18		51	234		241	64	53/54		Conflicting_classifications_of_pathogenicity(Pathogenic(1)|Likely_pathogenic(2)|Uncertain_significance(1))			71.0		307.0		0.2191	No	Yes, history of prior malignancy	M0	N2	LUAD	10.1	1:DECEASED	1	Male	Current Reformed Smoker For > 15 Years	20.0	Matched	IIIA	2.166666667	T2
KMT2D	Pan-Lung Cancer (TCGA, Nat Genet 2016)	TCGA-L9-A444-01	Non-Small Cell Lung Cancer	Lung Adenocarcinoma	T261S	OncoKB: Unknown, level NA, resistance NA;CIViC: NA;CancerHotspot: no;3DHotspot: no			MutationAssessor: NA;SIFT: impact: deleterious, score: 0.04;Polyphen-2: impact: benign, score: 0.118;AlphaMissense: pathogenicity: benign, score: 0.3343	Missense_Mutation	SNP	Diploid	Somatic	NA	broad.mit.edu	12	49447317	49447317	T	A	12:g.49447317T>A	ENST00000301067.7:c.781A>T	0.27		3	8		11	465	6/54					60.0			6.0	0.3499	No	Yes, history of prior malignancy	Mx	N0	LUAD	0.2	0:LIVING	1	Female	Current Smoker	10.0	Matched	IA	15.53333333	T1a
KMT2D	Pan-Lung Cancer (TCGA, Nat Genet 2016)	TCGA-98-A53B-01	Non-Small Cell Lung Cancer	Lung Squamous Cell Carcinoma	E2320*	OncoKB: Likely Oncogenic, level NA, resistance NA;CIViC: NA;CancerHotspot: no;3DHotspot: no			MutationAssessor: NA;SIFT: NA;Polyphen-2: NA;AlphaMissense: NA	Nonsense_Mutation	DNP	Gain	Somatic	NA	broad.mit.edu	12	49434595	49434596	CC	AG	12:g.49434595_49434596delinsAG	ENST00000301067.7:c.6957_6958delinsCT	0.23		10	34		44	137	31/54					69.0		61.0		0.5032	No	No	M0	N0	LUSC	2.01	1:DECEASED	1	Male	Current Smoker	40.0	Matched	IB	4.566666667	T2a
KMT2D	Pan-Lung Cancer (TCGA, Nat Genet 2016)	TCGA-98-8021-01	Non-Small Cell Lung Cancer	Lung Squamous Cell Carcinoma	P647Hfs*283	OncoKB: Likely Oncogenic, level NA, resistance NA;CIViC: NA;CancerHotspot: no;3DHotspot: no			MutationAssessor: NA;SIFT: NA;Polyphen-2: NA;AlphaMissense: NA	Frame_Shift_Del	DEL	Diploid	Somatic	---	broad.mit.edu	12	49445526	49445526	G	-	12:g.49445526del	ENST00000301067.7:c.1940del	0.14		8	51		63	951	10/54		Pathogenic/Likely_pathogenic			75.0			413.0	0.3745	No	No	M0	N0	LUSC	13.59	0:LIVING	1	Female	Current Reformed Smoker For < Or = 15 Years	60.0	Matched	IA	31.73333333	T1a
KMT2D	Pan-Lung Cancer (TCGA, Nat Genet 2016)	TCGA-98-8021-01	Non-Small Cell Lung Cancer	Lung Squamous Cell Carcinoma	E559K	OncoKB: Unknown, level NA, resistance NA;CIViC: NA;CancerHotspot: no;3DHotspot: no			MutationAssessor: NA;SIFT: impact: deleterious_low_confidence, score: 0.01;Polyphen-2: impact: benign, score: 0.158;AlphaMissense: pathogenicity: benign, score: 0.1877	Missense_Mutation	SNP	Diploid	Somatic	NA	broad.mit.edu	12	49445791	49445791	C	T	12:g.49445791C>T	ENST00000301067.7:c.1675G>A	0.10		13	113		150	951	10/54					75.0			413.0	0.3745	No	No	M0	N0	LUSC	13.59	0:LIVING	1	Female	Current Reformed Smoker For < Or = 15 Years	60.0	Matched	IA	31.73333333	T1a
KMT2D	Pan-Lung Cancer (TCGA, Nat Genet 2016)	TCGA-97-A4M0-01	Non-Small Cell Lung Cancer	Lung Adenocarcinoma	E869K	OncoKB: Unknown, level NA, resistance NA;CIViC: NA;CancerHotspot: no;3DHotspot: no			MutationAssessor: impact: medium, score: 5.374634989759834;SIFT: impact: deleterious_low_confidence, score: 0.02;Polyphen-2: impact: benign, score: 0.003;AlphaMissense: pathogenicity: benign, score: 0.0742	Missense_Mutation	SNP	Diploid	Somatic	NA	broad.mit.edu	12	49444861	49444861	C	T	12:g.49444861C>T	ENST00000301067.7:c.2605G>A	0.34		30	58		127	332	10/54					60.0			216.0	0.2992	No	No	M0	N0	LUAD	7.1	0:LIVING	1	Female	Current Reformed Smoker For < Or = 15 Years	34.0	Matched	IB	11.06666667	T2a
KMT2D	Pan-Lung Cancer (TCGA, Nat Genet 2016)	TCGA-97-7938-01	Non-Small Cell Lung Cancer	Lung Adenocarcinoma	A262S	OncoKB: Unknown, level NA, resistance NA;CIViC: NA;CancerHotspot: no;3DHotspot: no			MutationAssessor: NA;SIFT: impact: deleterious, score: 0;Polyphen-2: impact: possibly_damaging, score: 0.525;AlphaMissense: pathogenicity: benign, score: 0.1293	Missense_Mutation	SNP	Diploid	Somatic	NA	broad.mit.edu	12	49447314	49447314	C	A	12:g.49447314C>A	ENST00000301067.7:c.784G>T	0.38		5	8		15	343	6/54					76.0		18.0		0.2176	No	No	Mx	N0	LUAD	0.6	1:DECEASED	1	Female	Current Reformed Smoker For > 15 Years	40.0	Matched	IA	11.43333333	T1a
KMT2D	Pan-Lung Cancer (TCGA, Nat Genet 2016)	TCGA-97-7553-01	Non-Small Cell Lung Cancer	Lung Adenocarcinoma	P335S	OncoKB: Unknown, level NA, resistance NA;CIViC: NA;CancerHotspot: no;3DHotspot: no			MutationAssessor: NA;SIFT: impact: tolerated, score: 0.28;Polyphen-2: impact: probably_damaging, score: 0.963;AlphaMissense: pathogenicity: benign, score: 0.144	Missense_Mutation	SNP	Diploid	Somatic	NA	broad.mit.edu	12	49446807	49446807	G	A	12:g.49446807G>A	ENST00000301067.7:c.1003C>T	0.02		7	346		112	48	8/54					58.0			1332.0	0.0369	No	No	Mx	N0	LUAD	43.8	0:LIVING	1	Female	Current Smoker	20.0	Matched	IA	1.6	T1
KMT2D	Pan-Lung Cancer (TCGA, Nat Genet 2016)	TCGA-96-A4JK-01	Non-Small Cell Lung Cancer	Lung Squamous Cell Carcinoma	T2742Hfs*15	OncoKB: Likely Oncogenic, level NA, resistance NA;CIViC: NA;CancerHotspot: no;3DHotspot: no			MutationAssessor: NA;SIFT: NA;Polyphen-2: NA;AlphaMissense: NA	Frame_Shift_Del	DEL	Diploid	Somatic	---	broad.mit.edu	12	49433224	49433224	C	-	12:g.49433224del	ENST00000301067.7:c.8223del	0.23		8	27		34	422	32/54					65.0			273.0	0.6646	Yes, pharmaceutical treatment prior to resection	Yes, history of prior malignancy	M0	N1	LUSC	8.98	0:LIVING	1	Male	Current Smoker	110.0	Matched	IIA	14.06666667	T2a
KMT2D	Pan-Lung Cancer (TCGA, Nat Genet 2016)	TCGA-96-8169-01	Non-Small Cell Lung Cancer	Lung Squamous Cell Carcinoma	R3082Gfs*14	OncoKB: Likely Oncogenic, level NA, resistance NA;CIViC: NA;CancerHotspot: no;3DHotspot: no			MutationAssessor: NA;SIFT: NA;Polyphen-2: NA;AlphaMissense: NA	Frame_Shift_Del	DEL	Diploid	Somatic	---	broad.mit.edu	12	49431891	49431895	TCCCG	-	12:g.49431891_49431895del	ENST00000301067.7:c.9244_9248del	0.16		10	51		57	141	34/54					67.0			189.0	0.3719	No	No	M0	N0	LUSC	6.22	0:LIVING	1	Female	Current Reformed Smoker For < Or = 15 Years	35.0	Matched	IA	4.7	T1a
KMT2D	Pan-Lung Cancer (TCGA, Nat Genet 2016)	TCGA-96-7544-01	Non-Small Cell Lung Cancer	Lung Squamous Cell Carcinoma	Q2083*	OncoKB: Likely Oncogenic, level NA, resistance NA;CIViC: NA;CancerHotspot: no;3DHotspot: no			MutationAssessor: NA;SIFT: NA;Polyphen-2: NA;AlphaMissense: NA	Nonsense_Mutation	SNP	Diploid	Somatic	NA	broad.mit.edu	12	49435306	49435306	G	A	12:g.49435306G>A	ENST00000301067.7:c.6247C>T	0.26		27	78		103	358	31/54		Pathogenic			83.0			1213.0	0.4232	No	No	Mx	N1	LUSC	39.9	0:LIVING	1	Male	Current Smoker	65.0	Matched	IIB	11.93333333	T2
KMT2D	Pan-Lung Cancer (TCGA, Nat Genet 2016)	TCGA-94-A4VJ-01	Non-Small Cell Lung Cancer	Lung Squamous Cell Carcinoma	G1900C	OncoKB: Unknown, level NA, resistance NA;CIViC: NA;CancerHotspot: no;3DHotspot: no			MutationAssessor: impact: medium, score: 5.505926066323458;SIFT: impact: deleterious, score: 0;Polyphen-2: impact: probably_damaging, score: 1;AlphaMissense: pathogenicity: pathogenic, score: 0.6898	Missense_Mutation	SNP	ShallowDel	Somatic	NA	broad.mit.edu	12	49436608	49436608	C	A	12:g.49436608C>A	ENST00000301067.7:c.5698G>T	0.21		14	52		74	351	26/54					71.0			43.0	0.4113	No	No	M0	N0	LUSC	1.41	0:LIVING	1	Female	Current Reformed Smoker For < Or = 15 Years	37.5	Matched	IA	11.66666667	T1b
KMT2D	Pan-Lung Cancer (TCGA, Nat Genet 2016)	TCGA-94-8490-01	Non-Small Cell Lung Cancer	Lung Squamous Cell Carcinoma	Q4165*	OncoKB: Likely Oncogenic, level NA, resistance NA;CIViC: NA;CancerHotspot: no;3DHotspot: no			MutationAssessor: NA;SIFT: NA;Polyphen-2: NA;AlphaMissense: NA	Nonsense_Mutation	SNP	Diploid	Somatic	NA	broad.mit.edu	12	49425995	49425995	G	A	12:g.49425995G>A	ENST00000301067.7:c.12493C>T	0.44		77	97		92	793	39/54					70.0			153.0	0.3444	No	No	M0	N0	LUSC	5.03	0:LIVING	1	Male	Current Reformed Smoker, Duration Not Specified		Matched	IIB	26.46666667	T3
KMT2D	Pan-Lung Cancer (TCGA, Nat Genet 2016)	TCGA-92-8065-01	Non-Small Cell Lung Cancer	Lung Squamous Cell Carcinoma	Q4284*	OncoKB: Likely Oncogenic, level NA, resistance NA;CIViC: NA;CancerHotspot: no;3DHotspot: no			MutationAssessor: NA;SIFT: NA;Polyphen-2: NA;AlphaMissense: NA	Nonsense_Mutation	SNP	Diploid	Somatic	NA	broad.mit.edu	12	49425638	49425638	G	A	12:g.49425638G>A	ENST00000301067.7:c.12850C>T	0.43		3	4		23	221	39/54					74.0			70.0	0.3877	No	No	Mx	N0	LUSC	2.3	0:LIVING	1	Female	Current Reformed Smoker For > 15 Years	14.0	Matched	IIB	7.366666667	T3
KMT2D	Pan-Lung Cancer (TCGA, Nat Genet 2016)	TCGA-92-8065-01	Non-Small Cell Lung Cancer	Lung Squamous Cell Carcinoma	S2935*	OncoKB: Likely Oncogenic, level NA, resistance NA;CIViC: NA;CancerHotspot: no;3DHotspot: no			MutationAssessor: NA;SIFT: NA;Polyphen-2: NA;AlphaMissense: NA	Nonsense_Mutation	SNP	Diploid	Somatic	NA	broad.mit.edu	12	49432335	49432335	G	C	12:g.49432335G>C	ENST00000301067.7:c.8804C>G	0.22		21	75		95	221	34/54					74.0			70.0	0.3877	No	No	Mx	N0	LUSC	2.3	0:LIVING	1	Female	Current Reformed Smoker For > 15 Years	14.0	Matched	IIB	7.366666667	T3
KMT2D	Pan-Lung Cancer (TCGA, Nat Genet 2016)	TCGA-91-6836-01	Non-Small Cell Lung Cancer	Lung Adenocarcinoma	H2914Q	OncoKB: Unknown, level NA, resistance NA;CIViC: NA;CancerHotspot: no;3DHotspot: no			MutationAssessor: impact: low, score: 4.275101172511592;SIFT: impact: tolerated, score: 0.16;Polyphen-2: impact: benign, score: 0.015;AlphaMissense: pathogenicity: benign, score: 0.0855	Missense_Mutation	SNP	Gain	Somatic	NA	broad.mit.edu	12	49432397	49432397	G	T	12:g.49432397G>T	ENST00000301067.7:c.8742C>A	0.34	0.02	24	46	1	52	374	34/54					52.0			11.0	0.5486	No	Yes, history of synchronous and or bilateral malignancy	Mx	N0	LUAD	0.4	0:LIVING	1	Female	Current Smoker	50.0	Matched	IB	12.46666667	T2
KMT2D	Pan-Lung Cancer (TCGA, Nat Genet 2016)	TCGA-90-A4EE-01	Non-Small Cell Lung Cancer	Lung Squamous Cell Carcinoma	Q2540*	OncoKB: Likely Oncogenic, level NA, resistance NA;CIViC: NA;CancerHotspot: no;3DHotspot: no			MutationAssessor: NA;SIFT: NA;Polyphen-2: NA;AlphaMissense: NA	Nonsense_Mutation	SNP	Gain	Somatic	NA	broad.mit.edu	12	49433935	49433935	G	A	12:g.49433935G>A	ENST00000301067.7:c.7618C>T	0.20		4	16		28	319	31/54					53.0			331.0	0.4792	No	No	Mx	N1	LUSC	10.89	0:LIVING	1	Male	Current Smoker	68.0	Matched	IIA	10.66666667	T2a
KMT2D	Pan-Lung Cancer (TCGA, Nat Genet 2016)	TCGA-90-A4ED-01	Non-Small Cell Lung Cancer	Lung Squamous Cell Carcinoma	E775*	OncoKB: Likely Oncogenic, level NA, resistance NA;CIViC: NA;CancerHotspot: no;3DHotspot: no			MutationAssessor: NA;SIFT: NA;Polyphen-2: NA;AlphaMissense: NA	Nonsense_Mutation	SNP	ShallowDel	Somatic	NA	broad.mit.edu	12	49445143	49445143	C	A	12:g.49445143C>A	ENST00000301067.7:c.2323G>T	0.24		11	35		59	1501	10/54					69.0			244.0	0.2732	No	No	Mx	N0	LUSC	8.03	0:LIVING	1	Male	Current Reformed Smoker For > 15 Years	30.0	Matched	IB	50	T2a
KMT2D	Pan-Lung Cancer (TCGA, Nat Genet 2016)	TCGA-90-A4ED-01	Non-Small Cell Lung Cancer	Lung Squamous Cell Carcinoma	Q1557*	OncoKB: Likely Oncogenic, level NA, resistance NA;CIViC: NA;CancerHotspot: no;3DHotspot: no			MutationAssessor: NA;SIFT: NA;Polyphen-2: NA;AlphaMissense: NA	Nonsense_Mutation	SNP	ShallowDel	Somatic	NA	broad.mit.edu	12	49439872	49439872	G	A	12:g.49439872G>A	ENST00000301067.7:c.4669C>T	0.50		5	5		21	1501	17/54					69.0			244.0	0.2732	No	No	Mx	N0	LUSC	8.03	0:LIVING	1	Male	Current Reformed Smoker For > 15 Years	30.0	Matched	IB	50	T2a
KMT2D	Pan-Lung Cancer (TCGA, Nat Genet 2016)	TCGA-90-A4ED-01	Non-Small Cell Lung Cancer	Lung Squamous Cell Carcinoma	P2894L	OncoKB: Unknown, level NA, resistance NA;CIViC: NA;CancerHotspot: no;3DHotspot: no			MutationAssessor: impact: low, score: 3.9668984374077056;SIFT: impact: tolerated, score: 0.06;Polyphen-2: impact: benign, score: 0.105;AlphaMissense: pathogenicity: benign, score: 0.0747	Missense_Mutation	SNP	ShallowDel	Somatic	NA	broad.mit.edu	12	49432458	49432458	G	A	12:g.49432458G>A	ENST00000301067.7:c.8681C>T	0.33		12	24		41	1501	34/54		Benign			69.0			244.0	0.2732	No	No	Mx	N0	LUSC	8.03	0:LIVING	1	Male	Current Reformed Smoker For > 15 Years	30.0	Matched	IB	50	T2a
KMT2D	Pan-Lung Cancer (TCGA, Nat Genet 2016)	TCGA-86-A4JF-01	Non-Small Cell Lung Cancer	Lung Adenocarcinoma	E3090D	OncoKB: Unknown, level NA, resistance NA;CIViC: NA;CancerHotspot: no;3DHotspot: no			MutationAssessor: impact: medium, score: 5.421258885689887;SIFT: impact: tolerated, score: 0.08;Polyphen-2: impact: possibly_damaging, score: 0.629;AlphaMissense: pathogenicity: benign, score: 0.079	Missense_Mutation	SNP	Diploid	Somatic	NA	broad.mit.edu	12	49431869	49431869	C	A	12:g.49431869C>A	ENST00000301067.7:c.9270G>T	0.12		4	30		39	1205	34/54					56.0			0.0	0.1097	No	No	M0	N0	LUAD	0.0	0:LIVING	1	Male	Current Reformed Smoker For < Or = 15 Years		Matched	IIB	40.16666667	T3
KMT2D	Pan-Lung Cancer (TCGA, Nat Genet 2016)	TCGA-86-8073-01	Non-Small Cell Lung Cancer	Lung Adenocarcinoma	G4342V	OncoKB: Unknown, level NA, resistance NA;CIViC: NA;CancerHotspot: no;3DHotspot: no			MutationAssessor: impact: medium, score: 5.370367538534915;SIFT: impact: tolerated_low_confidence, score: 0.17;Polyphen-2: impact: possibly_damaging, score: 0.497;AlphaMissense: pathogenicity: benign, score: 0.1064	Missense_Mutation	SNP	Diploid	Somatic	NA	broad.mit.edu	12	49425463	49425463	C	A	12:g.49425463C>A	ENST00000301067.7:c.13025G>T	0.19		3	13		19	1347	39/54					58.0			13.0	0.2307	No	No	M0	N0	LUAD	0.4	0:LIVING	1	Male	Current Smoker	40.0	Matched	IB	44.96666667	T2a
KMT2D	Pan-Lung Cancer (TCGA, Nat Genet 2016)	TCGA-86-6851-01	Non-Small Cell Lung Cancer	Lung Adenocarcinoma	E5071Q	OncoKB: Unknown, level NA, resistance NA;CIViC: NA;CancerHotspot: no;3DHotspot: no			MutationAssessor: impact: medium, score: 5.462717378134376;SIFT: impact: deleterious, score: 0.01;Polyphen-2: impact: probably_damaging, score: 0.999;AlphaMissense: pathogenicity: pathogenic, score: 0.9865	Missense_Mutation	SNP	ShallowDel	Somatic	NA	broad.mit.edu	12	49420538	49420538	C	G	12:g.49420538C>G	ENST00000301067.7:c.15211G>C	0.06		3	50		68	814	48/54					73.0			0.0	0.1787	No	No	M0	N1	LUAD	0.0	0:LIVING	1	Female	Current Smoker	52.0	Matched	IIA	27.06666667	T1b
KMT2D	Pan-Lung Cancer (TCGA, Nat Genet 2016)	TCGA-85-A512-01	Non-Small Cell Lung Cancer	Lung Squamous Cell Carcinoma	C5032F	OncoKB: Unknown, level NA, resistance NA;CIViC: NA;CancerHotspot: no;3DHotspot: no			MutationAssessor: impact: medium, score: 5.462717378134376;SIFT: impact: deleterious, score: 0;Polyphen-2: impact: probably_damaging, score: 0.997;AlphaMissense: pathogenicity: pathogenic, score: 0.9988	Missense_Mutation	SNP	Diploid	Somatic	NA	broad.mit.edu	12	49420654	49420654	C	A	12:g.49420654C>A	ENST00000301067.7:c.15095G>T	0.33		25	51		121	143	48/54					46.0			0.0	0.9264	No	No	M0	N1	LUSC	0.0	0:LIVING	1	Male	Current Smoker	25.0	Matched	IIA	4.766666667	T1b
KMT2D	Pan-Lung Cancer (TCGA, Nat Genet 2016)	TCGA-85-8666-01	Non-Small Cell Lung Cancer	Lung Squamous Cell Carcinoma	X2037_splice	OncoKB: Likely Oncogenic, level NA, resistance NA;CIViC: NA;CancerHotspot: no;3DHotspot: no			MutationAssessor: NA;SIFT: NA;Polyphen-2: NA;AlphaMissense: NA	Splice_Site	SNP	Diploid	Somatic	NA	broad.mit.edu	12	49435774	49435774	C	T	12:g.49435774C>T	ENST00000301067.7:c.6110-1G>A	0.24		6	19		22	207						65.0			14.0	0.1398	No	No	M0	N0	LUSC	0.46	0:LIVING	1	Male	Current Smoker	55.0	Matched	IB	6.9	T2a
KMT2D	Pan-Lung Cancer (TCGA, Nat Genet 2016)	TCGA-85-8353-01	Non-Small Cell Lung Cancer	Lung Squamous Cell Carcinoma	T2571I	OncoKB: Unknown, level NA, resistance NA;CIViC: NA;CancerHotspot: no;3DHotspot: no			MutationAssessor: impact: low, score: 4.2568936991407025;SIFT: impact: tolerated, score: 0.16;Polyphen-2: impact: benign, score: 0.006;AlphaMissense: pathogenicity: benign, score: 0.151	Missense_Mutation	SNP	Gain	Somatic	NA	broad.mit.edu	12	49433841	49433841	G	A	12:g.49433841G>A	ENST00000301067.7:c.7712C>T	0.07		4	55		27	159	31/54					72.0			54.0	0.1369	No	No	M0	N1	LUSC	1.78	0:LIVING	1	Male	Current Smoker	50.0	Matched	IIIA	5.3	T3
KMT2D	Pan-Lung Cancer (TCGA, Nat Genet 2016)	TCGA-85-8071-01	Non-Small Cell Lung Cancer	Lung Squamous Cell Carcinoma	A1770Cfs*18	OncoKB: Likely Oncogenic, level NA, resistance NA;CIViC: NA;CancerHotspot: no;3DHotspot: no			MutationAssessor: NA;SIFT: NA;Polyphen-2: NA;AlphaMissense: NA	Frame_Shift_Ins	INS	Diploid	Somatic	---	broad.mit.edu	12	49437666	49437667	-	A	12:g.49437666_49437667insA	ENST00000301067.7:c.5303dup	0.41		30	43		92	308	22/54					52.0			14.0	0.3896	No	No	M0	N1	LUSC	0.46	0:LIVING	1	Male	Current Smoker	30.0	Matched	IIA	10.26666667	T1a
KMT2D	Pan-Lung Cancer (TCGA, Nat Genet 2016)	TCGA-85-8052-01	Non-Small Cell Lung Cancer	Lung Squamous Cell Carcinoma	R2687Qfs*4	OncoKB: Likely Oncogenic, level NA, resistance NA;CIViC: NA;CancerHotspot: no;3DHotspot: no			MutationAssessor: NA;SIFT: NA;Polyphen-2: NA;AlphaMissense: NA	Frame_Shift_Del	DEL	Gain	Somatic	---	broad.mit.edu	12	49433387	49433387	C	-	12:g.49433387del	ENST00000301067.7:c.8060del	0.45		5	6		17	118	32/54					53.0			16.0	0.4015	No	No	M0	N0	LUSC	0.53	0:LIVING	1	Male	Current Smoker	40.0	Matched	IIB	3.933333333	T3
KMT2D	Pan-Lung Cancer (TCGA, Nat Genet 2016)	TCGA-85-8052-01	Non-Small Cell Lung Cancer	Lung Squamous Cell Carcinoma	W5530R	OncoKB: Unknown, level NA, resistance NA;CIViC: NA;CancerHotspot: no;3DHotspot: no			MutationAssessor: impact: medium, score: 5.4513054713517475;SIFT: impact: tolerated, score: 0.17;Polyphen-2: impact: probably_damaging, score: 0.991;AlphaMissense: pathogenicity: pathogenic, score: 0.9842	Missense_Mutation	SNP	Gain	Somatic	NA	broad.mit.edu	12	49415589	49415589	A	G	12:g.49415589A>G	ENST00000301067.7:c.16588T>C	0.04		3	66		80	118	54/54					53.0			16.0	0.4015	No	No	M0	N0	LUSC	0.53	0:LIVING	1	Male	Current Smoker	40.0	Matched	IIB	3.933333333	T3
KMT2D	Pan-Lung Cancer (TCGA, Nat Genet 2016)	TCGA-85-7843-01	Non-Small Cell Lung Cancer	Lung Squamous Cell Carcinoma	X4882_splice	OncoKB: Likely Oncogenic, level NA, resistance NA;CIViC: NA;CancerHotspot: no;3DHotspot: no			MutationAssessor: NA;SIFT: NA;Polyphen-2: NA;AlphaMissense: NA	Splice_Site	SNP	Diploid	Somatic	NA	broad.mit.edu	12	49421106	49421106	C	T	12:g.49421106C>T	ENST00000301067.7:c.14644-1G>A	0.62		79	48		117	208						50.0			35.0	0.5569	No	No	M0	N1	LUSC	1.15	0:LIVING	1	Male	Current Smoker	35.0	Matched	IIA	6.966666667	T2a
KMT2D	Pan-Lung Cancer (TCGA, Nat Genet 2016)	TCGA-85-7699-01	Non-Small Cell Lung Cancer	Lung Squamous Cell Carcinoma	X2744_splice	OncoKB: Likely Oncogenic, level NA, resistance NA;CIViC: NA;CancerHotspot: no;3DHotspot: no			MutationAssessor: NA;SIFT: NA;Polyphen-2: NA;AlphaMissense: NA	Splice_Site	SNP	Diploid	Somatic	NA	broad.mit.edu	12	49433143	49433143	T	C	12:g.49433143T>C	ENST00000301067.7:c.8230-2A>G	0.27		21	56		100	161			Likely_pathogenic			73.0			1.0	0.5963	No	No	M0	N0	LUSC	0.03	0:LIVING	1	Male	Current Reformed Smoker For > 15 Years	74.0	Matched	IIIA	5.366666667	T4
KMT2D	Pan-Lung Cancer (TCGA, Nat Genet 2016)	TCGA-85-7697-01	Non-Small Cell Lung Cancer	Lung Squamous Cell Carcinoma	X3452_splice	OncoKB: Likely Oncogenic, level NA, resistance NA;CIViC: NA;CancerHotspot: no;3DHotspot: no			MutationAssessor: NA;SIFT: NA;Polyphen-2: NA;AlphaMissense: NA	Splice_Site	SNP	Diploid	Somatic	NA	broad.mit.edu	12	49428450	49428450	C	A	12:g.49428450C>A	ENST00000301067.7:c.10356-1G>T	0.18		5	23		36	241						49.0			10.0	0.2238	No	No	M0	N0	LUSC	0.33	0:LIVING	1	Male	Current Reformed Smoker For > 15 Years	30.0	Matched	IIB	8	T3
KMT2D	Pan-Lung Cancer (TCGA, Nat Genet 2016)	TCGA-80-5607-01	Non-Small Cell Lung Cancer	Lung Adenocarcinoma	R4198*	OncoKB: Likely Oncogenic, level NA, resistance NA;CIViC: NA;CancerHotspot: no;3DHotspot: no			MutationAssessor: NA;SIFT: NA;Polyphen-2: NA;AlphaMissense: NA	Nonsense_Mutation	SNP	Diploid	Somatic	NA	broad.mit.edu	12	49425896	49425896	G	A	12:g.49425896G>A	ENST00000301067.7:c.12592C>T	0.24	0.01	20	63	1	92	113	39/54		Pathogenic							0.0990	No	Yes, history of prior malignancy	M0	N1	LUAD		0:LIVING	1	Female	Current Reformed Smoker For > 15 Years	15.0	Matched	IIB	3.766666667	T2
KMT2D	Pan-Lung Cancer (TCGA, Nat Genet 2016)	TCGA-79-5596-01	Non-Small Cell Lung Cancer	Lung Squamous Cell Carcinoma	E517*	OncoKB: Likely Oncogenic, level NA, resistance NA;CIViC: NA;CancerHotspot: no;3DHotspot: no			MutationAssessor: NA;SIFT: NA;Polyphen-2: NA;AlphaMissense: NA	Nonsense_Mutation	SNP	Diploid	Somatic	NA	broad.mit.edu	12	49445917	49445917	C	A	12:g.49445917C>A	ENST00000301067.7:c.1549G>T	0.45	0.02	33	40	1	58	156	10/54									0.3110	No		M0	N1	LUSC		0:LIVING	1	Male	Current Reformed Smoker For < Or = 15 Years	40.0	Matched	IIIA	5.233333333	T3
KMT2D	Pan-Lung Cancer (TCGA, Nat Genet 2016)	TCGA-78-7152-01	Non-Small Cell Lung Cancer	Lung Adenocarcinoma	L2661Q	OncoKB: Unknown, level NA, resistance NA;CIViC: NA;CancerHotspot: no;3DHotspot: no			MutationAssessor: NA;SIFT: impact: deleterious, score: 0;Polyphen-2: impact: possibly_damaging, score: 0.901;AlphaMissense: NA	Missense_Mutation	DNP	Diploid	Somatic	NA	broad.mit.edu	12	49433570	49433571	GA	TT	12:g.49433570_49433571delinsTT	ENST00000301067.7:c.7982_7983delinsAA	0.18		7	32		46	173	31/54					65.0			1202.0	0.1601	No	No	M0	N0	LUAD	39.5	0:LIVING	1	Male	Current Reformed Smoker For < Or = 15 Years	40.0	Matched	IB	5.8	T2
KMT2D	Pan-Lung Cancer (TCGA, Nat Genet 2016)	TCGA-78-7146-01	Non-Small Cell Lung Cancer	Lung Adenocarcinoma	P514S	OncoKB: Unknown, level NA, resistance NA;CIViC: NA;CancerHotspot: no;3DHotspot: no			MutationAssessor: NA;SIFT: impact: tolerated_low_confidence, score: 0.05;Polyphen-2: impact: probably_damaging, score: 0.992;AlphaMissense: pathogenicity: benign, score: 0.1009	Missense_Mutation	SNP	Gain	Somatic	NA	broad.mit.edu	12	49445926	49445926	G	A	12:g.49445926G>A	ENST00000301067.7:c.1540C>T	0.21		15	55		71	300	10/54		Benign			71.0		173.0		0.5733	No	No	M0	N2	LUAD	5.7	1:DECEASED	1	Female	Current Reformed Smoker For < Or = 15 Years	6.0	Matched	IIIA	10.06666667	T2
KMT2D	Pan-Lung Cancer (TCGA, Nat Genet 2016)	TCGA-77-A5GF-01	Non-Small Cell Lung Cancer	Lung Squamous Cell Carcinoma	C1424S	OncoKB: Unknown, level NA, resistance NA;CIViC: NA;CancerHotspot: no;3DHotspot: no			MutationAssessor: impact: medium, score: 5.505926066323458;SIFT: impact: deleterious, score: 0;Polyphen-2: impact: probably_damaging, score: 0.998;AlphaMissense: pathogenicity: pathogenic, score: 0.9998	Missense_Mutation	SNP	Gain	Somatic	NA	broad.mit.edu	12	49440539	49440539	C	G	12:g.49440539C>G	ENST00000301067.7:c.4271G>C	0.10		4	38		64	105	15/54		Pathogenic			70.0			722.0	0.6215	No	No	M0	N1	LUSC	23.75	0:LIVING	1	Male	Current Reformed Smoker For < Or = 15 Years	60.0	Matched	IIA	3.533333333	T2a
KMT2D	Pan-Lung Cancer (TCGA, Nat Genet 2016)	TCGA-77-A5G3-01	Non-Small Cell Lung Cancer	Lung Squamous Cell Carcinoma	K2480*	OncoKB: Likely Oncogenic, level NA, resistance NA;CIViC: NA;CancerHotspot: no;3DHotspot: no			MutationAssessor: NA;SIFT: NA;Polyphen-2: NA;AlphaMissense: NA	Nonsense_Mutation	SNP	Gain	Somatic	NA	broad.mit.edu	12	49434115	49434115	T	A	12:g.49434115T>A	ENST00000301067.7:c.7438A>T	0.18		15	67		97	519	31/54					63.0			3576.0	0.5166	No	No	M0	N1	LUSC	117.63	0:LIVING	1	Male	Current Reformed Smoker For < Or = 15 Years	40.0	Matched	IIB	17.36666667	T2
KMT2D	Pan-Lung Cancer (TCGA, Nat Genet 2016)	TCGA-77-8154-01	Non-Small Cell Lung Cancer	Lung Squamous Cell Carcinoma	G3151Afs*4	OncoKB: Likely Oncogenic, level NA, resistance NA;CIViC: NA;CancerHotspot: no;3DHotspot: no			MutationAssessor: NA;SIFT: NA;Polyphen-2: NA;AlphaMissense: NA	Frame_Shift_Del	DEL	Gain	Somatic	---	broad.mit.edu	12	49431691	49431691	G	-	12:g.49431691del	ENST00000301067.7:c.9448del	0.25		7	21		26	178	34/54					67.0			1092.0	0.3853	No	No	M0	N0	LUSC	35.92	0:LIVING	1	Male	Current Reformed Smoker For < Or = 15 Years	40.0	Matched	IA	5.866666667	T1
KMT2D	Pan-Lung Cancer (TCGA, Nat Genet 2016)	TCGA-77-8153-01	Non-Small Cell Lung Cancer	Lung Squamous Cell Carcinoma	K2096M	OncoKB: Unknown, level NA, resistance NA;CIViC: NA;CancerHotspot: no;3DHotspot: no			MutationAssessor: impact: medium, score: 5.453509817476984;SIFT: impact: deleterious, score: 0.02;Polyphen-2: impact: benign, score: 0.073;AlphaMissense: pathogenicity: pathogenic, score: 0.7985	Missense_Mutation	SNP	ShallowDel	Somatic	NA	broad.mit.edu	12	49435266	49435266	T	A	12:g.49435266T>A	ENST00000301067.7:c.6287A>T	0.22		23	80		129	142	31/54					77.0			1684.0	0.6489	No	No	M0	N0	LUSC	55.39	0:LIVING	1	Female	Current Reformed Smoker For > 15 Years	25.0	Matched	IB	4.733333333	T2
KMT2D	Pan-Lung Cancer (TCGA, Nat Genet 2016)	TCGA-77-8150-01	Non-Small Cell Lung Cancer	Lung Squamous Cell Carcinoma	D1156Efs*28	OncoKB: Likely Oncogenic, level NA, resistance NA;CIViC: NA;CancerHotspot: no;3DHotspot: no			MutationAssessor: NA;SIFT: NA;Polyphen-2: NA;AlphaMissense: NA	Frame_Shift_Ins	INS	Gain	Somatic	---	broad.mit.edu	12	49443903	49443904	-	T	12:g.49443903_49443904insT	ENST00000301067.7:c.3467dup	0.31		33	72		68	117	11/54					64.0		1655.0		0.5395	No	No	M0	N1	LUSC	54.44	1:DECEASED	1	Male	Current Smoker	46.0	Matched	IIIA	3.933333333	T3
KMT2D	Pan-Lung Cancer (TCGA, Nat Genet 2016)	TCGA-77-8144-01	Non-Small Cell Lung Cancer	Lung Squamous Cell Carcinoma	G4544W	OncoKB: Unknown, level NA, resistance NA;CIViC: NA;CancerHotspot: no;3DHotspot: no			MutationAssessor: impact: medium, score: 5.441489205148187;SIFT: impact: deleterious, score: 0.03;Polyphen-2: impact: probably_damaging, score: 0.962;AlphaMissense: pathogenicity: ambiguous, score: 0.3979	Missense_Mutation	SNP	ShallowDel	Somatic	NA	broad.mit.edu	12	49424717	49424717	C	A	12:g.49424717C>A	ENST00000301067.7:c.13630G>T	0.50		12	12		44	352	40/54					70.0			833.0	0.2843	No	No	M0	N0	LUSC	27.4	0:LIVING	1	Male	Current Smoker	59.0	Matched	IB	11.73333333	T2
KMT2D	Pan-Lung Cancer (TCGA, Nat Genet 2016)	TCGA-77-8128-01	Non-Small Cell Lung Cancer	Lung Squamous Cell Carcinoma	Q3680*	OncoKB: Likely Oncogenic, level NA, resistance NA;CIViC: NA;CancerHotspot: no;3DHotspot: no			MutationAssessor: NA;SIFT: NA;Polyphen-2: NA;AlphaMissense: NA	Nonsense_Mutation	SNP	Gain	Somatic	NA	broad.mit.edu	12	49427450	49427450	G	A	12:g.49427450G>A	ENST00000301067.7:c.11038C>T	0.48		54	59		138	257	39/54					60.0		1150.0		0.4808	No	No	M0	N2	LUSC	37.83	1:DECEASED	1	Male	Current Smoker	113.0	Matched	IIIA	8.566666667	T2
KMT2D	Pan-Lung Cancer (TCGA, Nat Genet 2016)	TCGA-77-7465-01	Non-Small Cell Lung Cancer	Lung Squamous Cell Carcinoma	G1960Afs*87	OncoKB: Likely Oncogenic, level NA, resistance NA;CIViC: NA;CancerHotspot: no;3DHotspot: no			MutationAssessor: NA;SIFT: NA;Polyphen-2: NA;AlphaMissense: NA	Frame_Shift_Del	DEL	Gain	Somatic	---	broad.mit.edu	12	49436102	49436102	C	-	12:g.49436102del	ENST00000301067.7:c.5879del	0.36		4	7		11	333	28/54					58.0			479.0	0.8216	No	No	M0	N1	LUSC	15.76	0:LIVING	1	Male	Current Smoker	120.0	Matched	IIA	11.13333333	T2a
KMT2D	Pan-Lung Cancer (TCGA, Nat Genet 2016)	TCGA-77-7465-01	Non-Small Cell Lung Cancer	Lung Squamous Cell Carcinoma	Q773Sfs*157	OncoKB: Likely Oncogenic, level NA, resistance NA;CIViC: NA;CancerHotspot: no;3DHotspot: no			MutationAssessor: NA;SIFT: NA;Polyphen-2: NA;AlphaMissense: NA	Frame_Shift_Del	DEL	Gain	Somatic	---	broad.mit.edu	12	49445149	49445149	G	-	12:g.49445149del	ENST00000301067.7:c.2317del	0.30		20	46		67	333	10/54		Likely_pathogenic			58.0			479.0	0.8216	No	No	M0	N1	LUSC	15.76	0:LIVING	1	Male	Current Smoker	120.0	Matched	IIA	11.13333333	T2a
KMT2D	Pan-Lung Cancer (TCGA, Nat Genet 2016)	TCGA-77-7337-01	Non-Small Cell Lung Cancer	Lung Squamous Cell Carcinoma	G5322R	OncoKB: Unknown, level NA, resistance NA;CIViC: NA;CancerHotspot: no;3DHotspot: no			MutationAssessor: impact: medium, score: 5.462717378134376;SIFT: impact: deleterious, score: 0;Polyphen-2: impact: probably_damaging, score: 1;AlphaMissense: pathogenicity: pathogenic, score: 0.9984	Missense_Mutation	SNP	Diploid	Somatic	NA	broad.mit.edu	12	49418449	49418449	C	T	12:g.49418449C>T	ENST00000301067.7:c.15964G>A	0.34		13	25		34	292	50/54					65.0		3253.0		0.4400	No	No	M0	N1	LUSC	107.01	1:DECEASED	1	Male	Current Reformed Smoker For < Or = 15 Years	79.5	Matched	IIB	9.7	T2
KMT2D	Pan-Lung Cancer (TCGA, Nat Genet 2016)	TCGA-77-7337-01	Non-Small Cell Lung Cancer	Lung Squamous Cell Carcinoma	I5497del	OncoKB: Unknown, level NA, resistance NA;CIViC: NA;CancerHotspot: no;3DHotspot: no			MutationAssessor: NA;SIFT: NA;Polyphen-2: NA;AlphaMissense: NA	In_Frame_Del	DEL	Diploid	Somatic	---	broad.mit.edu	12	49415856	49415858	GAT	-	12:g.49415856_49415858del	ENST00000301067.7:c.16489_16491del	0.24		48	152		180	292	53/54		Conflicting_classifications_of_pathogenicity(Pathogenic(1)|Likely_pathogenic(2)|Uncertain_significance(1))			65.0		3253.0		0.4400	No	No	M0	N1	LUSC	107.01	1:DECEASED	1	Male	Current Reformed Smoker For < Or = 15 Years	79.5	Matched	IIB	9.7	T2
KMT2D	Pan-Lung Cancer (TCGA, Nat Genet 2016)	TCGA-77-7141-01	Non-Small Cell Lung Cancer	Lung Squamous Cell Carcinoma	P2531S	OncoKB: Unknown, level NA, resistance NA;CIViC: NA;CancerHotspot: no;3DHotspot: no			MutationAssessor: impact: low, score: 3.6288538385800213;SIFT: impact: tolerated, score: 0.12;Polyphen-2: impact: benign, score: 0.003;AlphaMissense: pathogenicity: benign, score: 0.0605	Missense_Mutation	SNP	Diploid	Somatic	NA	broad.mit.edu	12	49433962	49433962	G	A	12:g.49433962G>A	ENST00000301067.7:c.7591C>T	0.38		12	20		35	642	31/54		Benign			64.0			15.0	0.6297	No	No	M0	N0	LUSC	0.49	0:LIVING	1	Male	Current Reformed Smoker For < Or = 15 Years	70.0	Matched	IB	21.43333333	T2
KMT2D	Pan-Lung Cancer (TCGA, Nat Genet 2016)	TCGA-77-7140-01	Non-Small Cell Lung Cancer	Lung Squamous Cell Carcinoma	Q5190*	OncoKB: Likely Oncogenic, level NA, resistance NA;CIViC: NA;CancerHotspot: no;3DHotspot: no			MutationAssessor: NA;SIFT: NA;Polyphen-2: NA;AlphaMissense: NA	Nonsense_Mutation	SNP	Gain	Somatic	NA	broad.mit.edu	12	49420181	49420181	G	A	12:g.49420181G>A	ENST00000301067.7:c.15568C>T	0.23		12	41		37	170	48/54					69.0		632.0		0.7311	No	Yes, history of prior malignancy	M0	N1	LUSC	20.79	1:DECEASED	1	Female	Lifelong Non-Smoker		Matched	IIB	5.633333333	T2
KMT2D	Pan-Lung Cancer (TCGA, Nat Genet 2016)	TCGA-75-7027-01	Non-Small Cell Lung Cancer	Lung Adenocarcinoma	P727S	OncoKB: Unknown, level NA, resistance NA;CIViC: NA;CancerHotspot: no;3DHotspot: no			MutationAssessor: NA;SIFT: impact: tolerated_low_confidence, score: 0.1;Polyphen-2: impact: benign, score: 0.103;AlphaMissense: pathogenicity: benign, score: 0.0924	Missense_Mutation	SNP	Gain	Somatic	NA	broad.mit.edu	12	49445287	49445287	G	A	12:g.49445287G>A	ENST00000301067.7:c.2179C>T	0.34		59	113		145	195	10/54									0.6570	No	No	M0	N0	LUAD		0:LIVING	1	Male	Current Smoker	50.0	Matched	IB	6.5	T2
KMT2D	Pan-Lung Cancer (TCGA, Nat Genet 2016)	TCGA-75-5126-01	Non-Small Cell Lung Cancer	Lung Adenocarcinoma	D5160H	OncoKB: Unknown, level NA, resistance NA;CIViC: NA;CancerHotspot: no;3DHotspot: no			MutationAssessor: impact: medium, score: 5.462717378134376;SIFT: impact: deleterious, score: 0;Polyphen-2: impact: probably_damaging, score: 0.998;AlphaMissense: pathogenicity: pathogenic, score: 0.9808	Missense_Mutation	SNP	Gain	Somatic	NA	broad.mit.edu	12	49420271	49420271	C	G	12:g.49420271C>G	ENST00000301067.7:c.15478G>C	0.34		18	35		50	561	48/54									0.0549	No		M0	N2	LUAD		0:LIVING	1	Female	Current Reformed Smoker For < Or = 15 Years	40.0	Matched	IIIA	18.7	T3
KMT2D	Pan-Lung Cancer (TCGA, Nat Genet 2016)	TCGA-70-6722-01	Non-Small Cell Lung Cancer	Lung Squamous Cell Carcinoma	R1388W	OncoKB: Unknown, level NA, resistance NA;CIViC: NA;CancerHotspot: no;3DHotspot: no			MutationAssessor: impact: medium, score: 5.4847883247493385;SIFT: impact: deleterious, score: 0;Polyphen-2: impact: probably_damaging, score: 0.987;AlphaMissense: pathogenicity: pathogenic, score: 0.6424	Missense_Mutation	SNP	Diploid	Somatic	NA	broad.mit.edu	12	49441822	49441822	G	A	12:g.49441822G>A	ENST00000301067.7:c.4162C>T	0.15		14	81		103	265	14/54		Likely_benign			47.0			0.0	0.1633	No	No	M0	N1	LUSC	0.0	0:LIVING	1	Male	Lifelong Non-Smoker		Matched	IIIA	8.833333333	T3
KMT2D	Pan-Lung Cancer (TCGA, Nat Genet 2016)	TCGA-69-7979-01	Non-Small Cell Lung Cancer	Lung Adenocarcinoma	E776*	OncoKB: Likely Oncogenic, level NA, resistance NA;CIViC: NA;CancerHotspot: no;3DHotspot: no			MutationAssessor: NA;SIFT: NA;Polyphen-2: NA;AlphaMissense: NA	Nonsense_Mutation	SNP	ShallowDel	Somatic	NA	broad.mit.edu	12	49445140	49445140	C	A	12:g.49445140C>A	ENST00000301067.7:c.2326G>T	0.35		9	17		62	1253	10/54					71.0			89.0	0.6272	No	No	Mx	N0	LUAD	2.9	0:LIVING	1	Female	Current Smoker	28.0	Matched	IB	41.86666667	T2a
KMT2D	Pan-Lung Cancer (TCGA, Nat Genet 2016)	TCGA-68-A59J-01	Non-Small Cell Lung Cancer	Lung Squamous Cell Carcinoma	E1171Nfs*41	OncoKB: Likely Oncogenic, level NA, resistance NA;CIViC: NA;CancerHotspot: no;3DHotspot: no			MutationAssessor: NA;SIFT: NA;Polyphen-2: NA;AlphaMissense: NA	Frame_Shift_Del	DEL	Diploid	Somatic	---	broad.mit.edu	12	49443861	49443861	G	-	12:g.49443861del	ENST00000301067.7:c.3510del	0.33		37	74		98	312	11/54					74.0			104.0	0.5287	No	No	Mx	N0	LUSC	3.42	0:LIVING	1	Female	Current Reformed Smoker For < Or = 15 Years	45.0	Matched	IB	10.43333333	T2a
KMT2D	Pan-Lung Cancer (TCGA, Nat Genet 2016)	TCGA-68-7755-01	Non-Small Cell Lung Cancer	Lung Squamous Cell Carcinoma	T4938Pfs*57	OncoKB: Likely Oncogenic, level NA, resistance NA;CIViC: NA;CancerHotspot: no;3DHotspot: no			MutationAssessor: NA;SIFT: NA;Polyphen-2: NA;AlphaMissense: NA	Frame_Shift_Del	DEL	Gain	Somatic	---	broad.mit.edu	12	49420938	49420938	G	-	12:g.49420938del	ENST00000301067.7:c.14811del	0.36		25	44		60	244	48/54					60.0			83.0	0.5098	No	No	M0	N1	LUSC	2.73	0:LIVING	1	Female	Current Reformed Smoker For < Or = 15 Years	78.0	Matched	IIA	8.133333333	T1b
KMT2D	Pan-Lung Cancer (TCGA, Nat Genet 2016)	TCGA-67-3771-01	Non-Small Cell Lung Cancer	Lung Adenocarcinoma	G2141W	OncoKB: Unknown, level NA, resistance NA;CIViC: NA;CancerHotspot: no;3DHotspot: no			MutationAssessor: impact: medium, score: 5.488749862168002;SIFT: impact: deleterious, score: 0.01;Polyphen-2: impact: probably_damaging, score: 0.984;AlphaMissense: pathogenicity: pathogenic, score: 0.596	Missense_Mutation	SNP	Gain	Somatic	NA	broad.mit.edu	12	49435132	49435132	C	A	12:g.49435132C>A	ENST00000301067.7:c.6421G>T	0.37		7	12		20	912	31/54		Uncertain_significance			77.0			610.0	0.6308	No	No	M0	N0	LUAD	20.1	0:LIVING	1	Female	Current Reformed Smoker For < Or = 15 Years		Matched	IA	30.46666667	T1
KMT2D	Pan-Lung Cancer (TCGA, Nat Genet 2016)	TCGA-66-2785-01	Non-Small Cell Lung Cancer	Lung Squamous Cell Carcinoma	P2276Hfs*10	OncoKB: Likely Oncogenic, level NA, resistance NA;CIViC: NA;CancerHotspot: no;3DHotspot: no			MutationAssessor: NA;SIFT: NA;Polyphen-2: NA;AlphaMissense: NA	Frame_Shift_Del	DEL	Diploid	Somatic	---	broad.mit.edu	12	49434726	49434726	G	-	12:g.49434726del	ENST00000301067.7:c.6827del	0.10		12	109		111	1059	31/54					65.0			60.0	0.6464	No	No	M0	N0	LUSC	1.97	0:LIVING	1	Male	Current Reformed Smoker For < Or = 15 Years	70.0	Matched	IB	35.26666667	T2
KMT2D	Pan-Lung Cancer (TCGA, Nat Genet 2016)	TCGA-66-2773-01	Non-Small Cell Lung Cancer	Lung Squamous Cell Carcinoma	G2232S	OncoKB: Unknown, level NA, resistance NA;CIViC: NA;CancerHotspot: no;3DHotspot: no			MutationAssessor: impact: low, score: 3.6995371158262955;SIFT: impact: deleterious, score: 0.01;Polyphen-2: impact: benign, score: 0.127;AlphaMissense: pathogenicity: benign, score: 0.2741	Missense_Mutation	SNP	Diploid	Somatic	NA	broad.mit.edu	12	49434859	49434859	C	T	12:g.49434859C>T	ENST00000301067.7:c.6694G>A	0.45		58	70		79	510	31/54					69.0		92.0		0.4778	No	No	M0	N0	LUSC	3.03	1:DECEASED	1	Male	Current Reformed Smoker For > 15 Years	58.0	Matched	IB	17.06666667	T2
KMT2D	Pan-Lung Cancer (TCGA, Nat Genet 2016)	TCGA-66-2767-01	Non-Small Cell Lung Cancer	Lung Squamous Cell Carcinoma	X134_splice	OncoKB: Likely Oncogenic, level NA, resistance NA;CIViC: NA;CancerHotspot: no;3DHotspot: no			MutationAssessor: NA;SIFT: NA;Polyphen-2: NA;AlphaMissense: NA	Splice_Site	SNP	Gain	Somatic	NA	broad.mit.edu	12	49448310	49448310	C	T	12:g.49448310C>T	ENST00000301067.7:c.400+1G>A	0.09		3	32		24	302						62.0			61.0	0.3278	No	No	M0	N3	LUSC	2.01	0:LIVING	1	Male	Current Reformed Smoker For < Or = 15 Years	43.0	Matched	IIIB	10.03333333	T2
KMT2D	Pan-Lung Cancer (TCGA, Nat Genet 2016)	TCGA-66-2765-01	Non-Small Cell Lung Cancer	Lung Squamous Cell Carcinoma	Q3360*	OncoKB: Likely Oncogenic, level NA, resistance NA;CIViC: NA;CancerHotspot: no;3DHotspot: no			MutationAssessor: NA;SIFT: NA;Polyphen-2: NA;AlphaMissense: NA	Nonsense_Mutation	SNP	Diploid	Somatic	NA	broad.mit.edu	12	49431061	49431061	G	A	12:g.49431061G>A	ENST00000301067.7:c.10078C>T	0.28		9	23		50	92	34/54					64.0			61.0	0.3137	No	No	M0	N0	LUSC	2.01	0:LIVING	1	Male	Current Reformed Smoker For < Or = 15 Years	108.0	Matched	IB	3.066666667	T2
KMT2D	Pan-Lung Cancer (TCGA, Nat Genet 2016)	TCGA-66-2765-01	Non-Small Cell Lung Cancer	Lung Squamous Cell Carcinoma	S1684T	OncoKB: Unknown, level NA, resistance NA;CIViC: NA;CancerHotspot: no;3DHotspot: no			MutationAssessor: impact: medium, score: 5.412144049944056;SIFT: impact: tolerated, score: 0.79;Polyphen-2: impact: benign, score: 0.212;AlphaMissense: pathogenicity: benign, score: 0.0835	Missense_Mutation	SNP	Diploid	Somatic	NA	broad.mit.edu	12	49438218	49438218	C	G	12:g.49438218C>G	ENST00000301067.7:c.5051G>C	0.22		29	104		155	92	20/54					64.0			61.0	0.3137	No	No	M0	N0	LUSC	2.01	0:LIVING	1	Male	Current Reformed Smoker For < Or = 15 Years	108.0	Matched	IB	3.066666667	T2
KMT2D	Pan-Lung Cancer (TCGA, Nat Genet 2016)	TCGA-66-2744-01	Non-Small Cell Lung Cancer	Lung Squamous Cell Carcinoma	I1200M	OncoKB: Unknown, level NA, resistance NA;CIViC: NA;CancerHotspot: no;3DHotspot: no			MutationAssessor: impact: medium, score: 5.439627005602696;SIFT: impact: deleterious_low_confidence, score: 0;Polyphen-2: impact: possibly_damaging, score: 0.753;AlphaMissense: pathogenicity: benign, score: 0.2296	Missense_Mutation	SNP	Gain	Somatic	NA	broad.mit.edu	12	49443771	49443771	G	C	12:g.49443771G>C	ENST00000301067.7:c.3600C>G	0.28		16	41		55	178	11/54					71.0			30.0	0.1361	No	No	M0	N1	LUSC	0.99	0:LIVING	1	Male	Current Reformed Smoker For < Or = 15 Years	63.0	Matched	IIB	5.933333333	T2
KMT2D	Pan-Lung Cancer (TCGA, Nat Genet 2016)	TCGA-66-2727-01	Non-Small Cell Lung Cancer	Lung Squamous Cell Carcinoma	M3777Cfs*53	OncoKB: Likely Oncogenic, level NA, resistance NA;CIViC: NA;CancerHotspot: no;3DHotspot: no			MutationAssessor: NA;SIFT: NA;Polyphen-2: NA;AlphaMissense: NA	Frame_Shift_Del	DEL	Gain	Somatic	---	broad.mit.edu	12	49427160	49427160	A	-	12:g.49427160del	ENST00000301067.7:c.11328del	0.33		2	4		10	174	39/54					55.0		516.0		0.3638	No	No	M0	N0	LUSC	16.97	1:DECEASED	1	Female	Current Reformed Smoker For < Or = 15 Years	56.0	Matched	IB	5.8	T2
KMT2D	Pan-Lung Cancer (TCGA, Nat Genet 2016)	TCGA-64-5774-01	Non-Small Cell Lung Cancer	Lung Adenocarcinoma	D5252Y	OncoKB: Unknown, level NA, resistance NA;CIViC: NA;CancerHotspot: no;3DHotspot: no			MutationAssessor: impact: medium, score: 5.462717378134376;SIFT: impact: deleterious, score: 0;Polyphen-2: impact: probably_damaging, score: 1;AlphaMissense: pathogenicity: pathogenic, score: 0.9501	Missense_Mutation	SNP	Diploid	Somatic	NA	broad.mit.edu	12	49419995	49419995	C	A	12:g.49419995C>A	ENST00000301067.7:c.15754G>T	0.15		10	58		70	126	48/54					60.0			2550.0	0.6034	No	No	M0	N0	LUAD	83.9	0:LIVING	1	Male	Current Reformed Smoker For < Or = 15 Years	45.0	Matched	IB	4.2	T2
KMT2D	Pan-Lung Cancer (TCGA, Nat Genet 2016)	TCGA-64-1679-01	Non-Small Cell Lung Cancer	Lung Adenocarcinoma	T2601I	OncoKB: Unknown, level NA, resistance NA;CIViC: NA;CancerHotspot: no;3DHotspot: no			MutationAssessor: impact: medium, score: 5.410169063834399;SIFT: impact: deleterious, score: 0.04;Polyphen-2: impact: benign, score: 0;AlphaMissense: pathogenicity: benign, score: 0.1715	Missense_Mutation	SNP	Diploid	Somatic	NA	broad.mit.edu	12	49433751	49433751	G	A	12:g.49433751G>A	ENST00000301067.7:c.7802C>T	0.35		7	13		29	456	31/54					58.0			1686.0	0.1979	No	No	M0	N2	LUAD	55.5	0:LIVING	1	Female	Current Smoker	40.0	Matched	IIIA	15.16666667	T1
KMT2D	Pan-Lung Cancer (TCGA, Nat Genet 2016)	TCGA-64-1678-01	Non-Small Cell Lung Cancer	Lung Adenocarcinoma	E40D	OncoKB: Unknown, level NA, resistance NA;CIViC: NA;CancerHotspot: no;3DHotspot: no			MutationAssessor: NA;SIFT: impact: tolerated, score: 0.22;Polyphen-2: impact: benign, score: 0.001;AlphaMissense: pathogenicity: benign, score: 0.0996	Missense_Mutation	SNP	Gain	Somatic	NA	broad.mit.edu	12	49448739	49448739	C	A	12:g.49448739C>A	ENST00000301067.7:c.120G>T	0.41		163	232		275	371	2/54					70.0			1189.0	0.5476	No	No	M0	N0	LUAD	39.1	0:LIVING	1	Female	Current Reformed Smoker For > 15 Years	20.0	Matched	IIA	12.43333333	T2b
KMT2D	Pan-Lung Cancer (TCGA, Nat Genet 2016)	TCGA-64-1676-01	Non-Small Cell Lung Cancer	Lung Adenocarcinoma	R2966W	OncoKB: Unknown, level NA, resistance NA;CIViC: NA;CancerHotspot: no;3DHotspot: no			MutationAssessor: impact: medium, score: 5.416070771696841;SIFT: impact: tolerated, score: 0.06;Polyphen-2: impact: benign, score: 0.232;AlphaMissense: pathogenicity: benign, score: 0.1337	Missense_Mutation	SNP	ShallowDel	Somatic	NA	broad.mit.edu	12	49432243	49432243	G	A	12:g.49432243G>A	ENST00000301067.7:c.8896C>T	0.37		52	90		146	514	34/54		Benign		0.000058	58.0			1728.0	0.5188	No	No	M0	N0	LUAD	56.8	0:LIVING	1	Male	Current Smoker	60.0	Matched	IA	17.13333333	T1a
KMT2D	Pan-Lung Cancer (TCGA, Nat Genet 2016)	TCGA-63-A5MU-01	Non-Small Cell Lung Cancer	Lung Squamous Cell Carcinoma	C1456F	OncoKB: Unknown, level NA, resistance NA;CIViC: NA;CancerHotspot: no;3DHotspot: no			MutationAssessor: impact: medium, score: 5.505926066323458;SIFT: impact: deleterious, score: 0;Polyphen-2: impact: probably_damaging, score: 0.999;AlphaMissense: pathogenicity: pathogenic, score: 0.9997	Missense_Mutation	SNP	Diploid	Somatic	NA	broad.mit.edu	12	49440443	49440443	C	A	12:g.49440443C>A	ENST00000301067.7:c.4367G>T	0.55		53	44		160	194	15/54					48.0		723.0		0.5201	No	No	M0	N1	LUSC	23.78	1:DECEASED	1	Male	Current Reformed Smoker For < Or = 15 Years	15.0	Matched	IIB	6.466666667	T2b
KMT2D	Pan-Lung Cancer (TCGA, Nat Genet 2016)	TCGA-63-A5MS-01	Non-Small Cell Lung Cancer	Lung Squamous Cell Carcinoma	A3440Vfs*11	OncoKB: Likely Oncogenic, level NA, resistance NA;CIViC: NA;CancerHotspot: no;3DHotspot: no			MutationAssessor: NA;SIFT: NA;Polyphen-2: NA;AlphaMissense: NA	Frame_Shift_Del	DEL	Diploid	Somatic	---	broad.mit.edu	12	49428631	49428631	G	-	12:g.49428631del	ENST00000301067.7:c.10319del	0.26		29	81		74	324	35/54					78.0			2025.0	0.1492	No	No	M0	N0	LUSC	66.61	0:LIVING	1	Male	Current Reformed Smoker For > 15 Years	6.0	Matched	IB	10.86666667	T2
KMT2D	Pan-Lung Cancer (TCGA, Nat Genet 2016)	TCGA-63-A5MR-01	Non-Small Cell Lung Cancer	Lung Squamous Cell Carcinoma	S2309*	OncoKB: Likely Oncogenic, level NA, resistance NA;CIViC: NA;CancerHotspot: no;3DHotspot: no			MutationAssessor: NA;SIFT: NA;Polyphen-2: NA;AlphaMissense: NA	Nonsense_Mutation	SNP	Gain	Somatic	NA	broad.mit.edu	12	49434627	49434627	G	C	12:g.49434627G>C	ENST00000301067.7:c.6926C>G	0.11		6	50		49	153	31/54					70.0			2367.0	0.2253	No	No	M0	N0	LUSC	77.86	0:LIVING	1	Female	Current Reformed Smoker For < Or = 15 Years	120.0	Matched	IB	5.133333333	T2
KMT2D	Pan-Lung Cancer (TCGA, Nat Genet 2016)	TCGA-63-A5MP-01	Non-Small Cell Lung Cancer	Lung Squamous Cell Carcinoma	G5408S	OncoKB: Unknown, level NA, resistance NA;CIViC: NA;CancerHotspot: no;3DHotspot: no			MutationAssessor: impact: medium, score: 5.453729718525058;SIFT: impact: deleterious, score: 0;Polyphen-2: impact: probably_damaging, score: 1;AlphaMissense: pathogenicity: pathogenic, score: 0.9985	Missense_Mutation	SNP	Diploid	Somatic	NA	broad.mit.edu	12	49416489	49416489	C	T	12:g.49416489C>T	ENST00000301067.7:c.16222G>A	0.28		50	126		146	167	51/54					56.0			769.0	0.2817	No	No	M0	N1	LUSC	25.3	0:LIVING	1	Male	Current Reformed Smoker For < Or = 15 Years	41.0	Matched	IIB	5.566666667	T2
KMT2D	Pan-Lung Cancer (TCGA, Nat Genet 2016)	TCGA-63-A5MM-01	Non-Small Cell Lung Cancer	Lung Squamous Cell Carcinoma	V1051I	OncoKB: Unknown, level NA, resistance NA;CIViC: NA;CancerHotspot: no;3DHotspot: no			MutationAssessor: impact: neutral, score: 1.7980850280048344;SIFT: impact: tolerated_low_confidence, score: 0.48;Polyphen-2: impact: benign, score: 0;AlphaMissense: pathogenicity: benign, score: 0.0673	Missense_Mutation	SNP	Diploid	Somatic	NA	broad.mit.edu	12	49444220	49444220	C	T	12:g.49444220C>T	ENST00000301067.7:c.3151G>A	0.21		9	34		50	979	11/54					69.0		456.0		0.0856	No	No	M0	N1	LUSC	15.0	1:DECEASED	1	Female	Current Reformed Smoker For > 15 Years	30.0	Matched	IIB	32.63333333	T2
KMT2D	Pan-Lung Cancer (TCGA, Nat Genet 2016)	TCGA-63-A5ML-01	Non-Small Cell Lung Cancer	Lung Squamous Cell Carcinoma	P367L	OncoKB: Unknown, level NA, resistance NA;CIViC: NA;CancerHotspot: no;3DHotspot: no			MutationAssessor: NA;SIFT: impact: tolerated, score: 0.1;Polyphen-2: impact: benign, score: 0;AlphaMissense: pathogenicity: benign, score: 0.0793	Missense_Mutation	SNP	Gain	Somatic	NA	broad.mit.edu	12	49446710	49446710	G	A	12:g.49446710G>A	ENST00000301067.7:c.1100C>T	0.11		14	116		144	221	8/54		Uncertain_significance			68.0			1163.0	0.5044	No	No	M0	N0	LUSC	38.26	0:LIVING	1	Male	Current Reformed Smoker For < Or = 15 Years	60.0	Matched	IB	7.366666667	T2
KMT2D	Pan-Lung Cancer (TCGA, Nat Genet 2016)	TCGA-63-7023-01	Non-Small Cell Lung Cancer	Lung Squamous Cell Carcinoma	G3710*	OncoKB: Likely Oncogenic, level NA, resistance NA;CIViC: NA;CancerHotspot: no;3DHotspot: no			MutationAssessor: NA;SIFT: NA;Polyphen-2: NA;AlphaMissense: NA	Nonsense_Mutation	SNP	Diploid	Somatic	NA	broad.mit.edu	12	49427360	49427360	C	A	12:g.49427360C>A	ENST00000301067.7:c.11128G>T	0.36		26	46		64	127	39/54									0.4685	No	No	M0	N1	LUSC		0:LIVING	1	Male	Current Reformed Smoker For < Or = 15 Years	55.0	Matched	IIA	4.233333333	T1
KMT2D	Pan-Lung Cancer (TCGA, Nat Genet 2016)	TCGA-63-7023-01	Non-Small Cell Lung Cancer	Lung Squamous Cell Carcinoma	V3089Wfs*30	OncoKB: Likely Oncogenic, level NA, resistance NA;CIViC: NA;CancerHotspot: no;3DHotspot: no			MutationAssessor: NA;SIFT: NA;Polyphen-2: NA;AlphaMissense: NA	Frame_Shift_Del	DEL	Diploid	Somatic	---	broad.mit.edu	12	49431874	49431874	C	-	12:g.49431874del	ENST00000301067.7:c.9265del	0.43		12	16		34	127	34/54		Pathogenic							0.4685	No	No	M0	N1	LUSC		0:LIVING	1	Male	Current Reformed Smoker For < Or = 15 Years	55.0	Matched	IIA	4.233333333	T1
KMT2D	Pan-Lung Cancer (TCGA, Nat Genet 2016)	TCGA-63-7022-01	Non-Small Cell Lung Cancer	Lung Squamous Cell Carcinoma	E902*	OncoKB: Likely Oncogenic, level NA, resistance NA;CIViC: NA;CancerHotspot: no;3DHotspot: no			MutationAssessor: NA;SIFT: NA;Polyphen-2: NA;AlphaMissense: NA	Nonsense_Mutation	SNP	Diploid	Somatic	NA	broad.mit.edu	12	49444762	49444762	C	A	12:g.49444762C>A	ENST00000301067.7:c.2704G>T	0.12		16	122		186	168	10/54									0.0626	No	No	M0	N0	LUSC		0:LIVING	1	Female	Current Reformed Smoker For < Or = 15 Years	30.0	Matched	IA	5.533333333	T1
KMT2D	Pan-Lung Cancer (TCGA, Nat Genet 2016)	TCGA-63-7021-01	Non-Small Cell Lung Cancer	Lung Squamous Cell Carcinoma	X5507_splice	OncoKB: Likely Oncogenic, level NA, resistance NA;CIViC: NA;CancerHotspot: no;3DHotspot: no			MutationAssessor: NA;SIFT: NA;Polyphen-2: NA;AlphaMissense: NA	Splice_Site	SNP	Diploid	Somatic	NA	broad.mit.edu	12	49415825	49415825	C	A	12:g.49415825C>A	ENST00000301067.7:c.16521+1G>T	0.19		24	101		199	221										0.0299	No	No	M0	N0	LUSC		0:LIVING	1	Male	Current Reformed Smoker For < Or = 15 Years	21.0	Matched	IA	7.366666667	T1
KMT2D	Pan-Lung Cancer (TCGA, Nat Genet 2016)	TCGA-63-6202-01	Non-Small Cell Lung Cancer	Lung Squamous Cell Carcinoma	G3205V	OncoKB: Unknown, level NA, resistance NA;CIViC: NA;CancerHotspot: no;3DHotspot: no			MutationAssessor: impact: medium, score: 5.3788663267192005;SIFT: impact: deleterious_low_confidence, score: 0;Polyphen-2: impact: benign, score: 0.015;AlphaMissense: pathogenicity: benign, score: 0.096	Missense_Mutation	SNP	Diploid	Somatic	NA	broad.mit.edu	12	49431525	49431525	C	A	12:g.49431525C>A	ENST00000301067.7:c.9614G>T	0.38		3	5		17	306	34/54									0.2614	No	No	M0	N0	LUSC		0:LIVING	1	Male	Current Reformed Smoker For < Or = 15 Years	35.0	Matched	IIA	10.23333333	T2b
KMT2D	Pan-Lung Cancer (TCGA, Nat Genet 2016)	TCGA-62-8397-01	Non-Small Cell Lung Cancer	Lung Adenocarcinoma	E2290Kfs*32	OncoKB: Likely Oncogenic, level NA, resistance NA;CIViC: NA;CancerHotspot: no;3DHotspot: no			MutationAssessor: NA;SIFT: NA;Polyphen-2: NA;AlphaMissense: NA	Frame_Shift_Del	DEL	Diploid	Somatic	---	broad.mit.edu	12	49434685	49434685	C	-	12:g.49434685del	ENST00000301067.7:c.6868del	0.40		25	37		88	29	31/54					70.0			940.0	0.2308	No	No	M0	N0	LUAD	30.9	0:LIVING	1	Female	Lifelong Non-Smoker		Matched	IIB	0.966666667	T3
KMT2D	Pan-Lung Cancer (TCGA, Nat Genet 2016)	TCGA-60-2726-01	Non-Small Cell Lung Cancer	Lung Squamous Cell Carcinoma	R2105H	OncoKB: Unknown, level NA, resistance NA;CIViC: NA;CancerHotspot: no;3DHotspot: no			MutationAssessor: impact: medium, score: 5.4488694129397475;SIFT: impact: tolerated, score: 0.09;Polyphen-2: impact: possibly_damaging, score: 0.747;AlphaMissense: pathogenicity: benign, score: 0.0972	Missense_Mutation	SNP	Gain	Somatic	NA	broad.mit.edu	12	49435239	49435239	C	T	12:g.49435239C>T	ENST00000301067.7:c.6314G>A	0.05		4	82		72	242	31/54		Conflicting_classifications_of_pathogenicity(Uncertain_significance(1)|Benign(1))		0.000058	56.0		358.0	358.0	0.6693	No	No	M0	N1	LUSC	11.78	1:DECEASED	1	Male	Current Reformed Smoker For < Or = 15 Years	42.0	Matched	IIA	8.066666667	T2
KMT2D	Pan-Lung Cancer (TCGA, Nat Genet 2016)	TCGA-60-2703-01	Non-Small Cell Lung Cancer	Lung Squamous Cell Carcinoma	P4929Lfs*66	OncoKB: Likely Oncogenic, level NA, resistance NA;CIViC: NA;CancerHotspot: no;3DHotspot: no			MutationAssessor: NA;SIFT: NA;Polyphen-2: NA;AlphaMissense: NA	Frame_Shift_Del	DEL	ShallowDel	Somatic	---	broad.mit.edu	12	49420963	49420963	G	-	12:g.49420963del	ENST00000301067.7:c.14786del	0.17		13	62		81	279	48/54					73.0		2945.0		0.1260	No	No	M0	N1	LUSC	96.88	1:DECEASED	1	Male	Current Reformed Smoker For < Or = 15 Years	50.0	Matched	IIB	9.333333333	T2
KMT2D	Pan-Lung Cancer (TCGA, Nat Genet 2016)	TCGA-60-2698-01	Non-Small Cell Lung Cancer	Lung Squamous Cell Carcinoma	Q1377R	OncoKB: Unknown, level NA, resistance NA;CIViC: NA;CancerHotspot: no;3DHotspot: no			MutationAssessor: impact: medium, score: 5.502098819643192;SIFT: impact: deleterious, score: 0;Polyphen-2: impact: probably_damaging, score: 0.986;AlphaMissense: pathogenicity: pathogenic, score: 0.9841	Missense_Mutation	SNP	Gain	Somatic	NA	broad.mit.edu	12	49442443	49442443	T	C	12:g.49442443T>C	ENST00000301067.7:c.4130A>G	0.38		182	300		356	1050	13/54					62.0		311.0		0.3627	No	No	M0	N1	LUSC	10.23	1:DECEASED	1	Male	Current Reformed Smoker For < Or = 15 Years		Matched	IIB	35.06666667	T2
KMT2D	Pan-Lung Cancer (TCGA, Nat Genet 2016)	TCGA-58-8386-01	Non-Small Cell Lung Cancer	Lung Squamous Cell Carcinoma	C1380G	OncoKB: Unknown, level NA, resistance NA;CIViC: NA;CancerHotspot: no;3DHotspot: no			MutationAssessor: impact: medium, score: 5.505381107141445;SIFT: impact: deleterious, score: 0;Polyphen-2: impact: probably_damaging, score: 0.999;AlphaMissense: pathogenicity: pathogenic, score: 0.9993	Missense_Mutation	SNP	Diploid	Somatic	NA	broad.mit.edu	12	49441846	49441846	A	C	12:g.49441846A>C	ENST00000301067.7:c.4138T>G	0.37		19	32		94	243	14/54					75.0		1.0		0.4461	No	No	M1	Nx	LUSC	0.03	1:DECEASED	1	Male	Current Smoker	65.0	Matched	IV	8.133333333	T3
KMT2D	Pan-Lung Cancer (TCGA, Nat Genet 2016)	TCGA-56-A62T-01	Non-Small Cell Lung Cancer	Lung Squamous Cell Carcinoma	E793*	OncoKB: Likely Oncogenic, level NA, resistance NA;CIViC: NA;CancerHotspot: no;3DHotspot: no			MutationAssessor: NA;SIFT: NA;Polyphen-2: NA;AlphaMissense: NA	Nonsense_Mutation	SNP	Diploid	Somatic	NA	broad.mit.edu	12	49445089	49445089	C	A	12:g.49445089C>A	ENST00000301067.7:c.2377G>T	0.50		20	20		59	438	10/54					78.0			5.0	0.3648	No	No	Mx	N0	LUSC	0.16	0:LIVING	1	Male	Current Smoker	102.0	Matched	IIA	14.63333333	T2b
KMT2D	Pan-Lung Cancer (TCGA, Nat Genet 2016)	TCGA-56-A5DR-01	Non-Small Cell Lung Cancer	Lung Squamous Cell Carcinoma	E3029*	OncoKB: Likely Oncogenic, level NA, resistance NA;CIViC: NA;CancerHotspot: no;3DHotspot: no			MutationAssessor: NA;SIFT: NA;Polyphen-2: NA;AlphaMissense: NA	Nonsense_Mutation	SNP	Gain	Somatic	NA	broad.mit.edu	12	49432054	49432054	C	A	12:g.49432054C>A	ENST00000301067.7:c.9085G>T	0.25		15	44		58	907	34/54					81.0			4.0	0.3135	No	Yes, history of prior malignancy	Mx	N0	LUSC	0.13	0:LIVING	1	Male	Lifelong Non-Smoker		Matched	IA	30.2	T1a
KMT2D	Pan-Lung Cancer (TCGA, Nat Genet 2016)	TCGA-56-A5DR-01	Non-Small Cell Lung Cancer	Lung Squamous Cell Carcinoma	R4198*	OncoKB: Likely Oncogenic, level NA, resistance NA;CIViC: NA;CancerHotspot: no;3DHotspot: no			MutationAssessor: NA;SIFT: NA;Polyphen-2: NA;AlphaMissense: NA	Nonsense_Mutation	SNP	Gain	Somatic	NA	broad.mit.edu	12	49425896	49425896	G	A	12:g.49425896G>A	ENST00000301067.7:c.12592C>T	0.26		25	70		102	907	39/54		Pathogenic			81.0			4.0	0.3135	No	Yes, history of prior malignancy	Mx	N0	LUSC	0.13	0:LIVING	1	Male	Lifelong Non-Smoker		Matched	IA	30.2	T1a
KMT2D	Pan-Lung Cancer (TCGA, Nat Genet 2016)	TCGA-56-8626-01	Non-Small Cell Lung Cancer	Lung Squamous Cell Carcinoma	Y2199Ifs*65	OncoKB: Likely Oncogenic, level NA, resistance NA;CIViC: NA;CancerHotspot: no;3DHotspot: no			MutationAssessor: NA;SIFT: NA;Polyphen-2: NA;AlphaMissense: NA	Frame_Shift_Del	DEL	Diploid	Somatic	---	broad.mit.edu	12	49434959	49434959	G	-	12:g.49434959del	ENST00000301067.7:c.6594del	0.17		7	33		42	207	31/54		Pathogenic			59.0			17.0	0.3335	No	No	Mx	N0	LUSC	0.56	0:LIVING	1	Male	Current Smoker	50.0	Matched	IA	6.966666667	T1a
KMT2D	Pan-Lung Cancer (TCGA, Nat Genet 2016)	TCGA-56-8305-01	Non-Small Cell Lung Cancer	Lung Squamous Cell Carcinoma	S1401Vfs*29	OncoKB: Likely Oncogenic, level NA, resistance NA;CIViC: NA;CancerHotspot: no;3DHotspot: no			MutationAssessor: NA;SIFT: NA;Polyphen-2: NA;AlphaMissense: NA	Frame_Shift_Del	DEL	Gain	Somatic	---	broad.mit.edu	12	49441779	49441783	TGAGA	-	12:g.49441779_49441783del	ENST00000301067.7:c.4201_4205del	0.18		17	77		94	340	14/54					72.0			105.0	0.4151	No	Yes, history of prior malignancy	M0	N0	LUSC	3.45	0:LIVING	1	Male	Current Reformed Smoker For > 15 Years	100.0	Matched	IB	11.33333333	T2a
KMT2D	Pan-Lung Cancer (TCGA, Nat Genet 2016)	TCGA-56-8304-01	Non-Small Cell Lung Cancer	Lung Squamous Cell Carcinoma	P2302Qfs*20	OncoKB: Likely Oncogenic, level NA, resistance NA;CIViC: NA;CancerHotspot: no;3DHotspot: no			MutationAssessor: NA;SIFT: NA;Polyphen-2: NA;AlphaMissense: NA	Frame_Shift_Del	DEL	ShallowDel	Somatic	---	broad.mit.edu	12	49434648	49434648	G	-	12:g.49434648del	ENST00000301067.7:c.6905del	0.23		8	27		75	219	31/54					73.0			106.0	0.4891	No	No	Mx	N0	LUSC	3.49	0:LIVING	1	Female	Current Smoker	58.0	Matched	IA	7.3	T1b
KMT2D	Pan-Lung Cancer (TCGA, Nat Genet 2016)	TCGA-56-7822-01	Non-Small Cell Lung Cancer	Lung Squamous Cell Carcinoma	W141Lfs*79	OncoKB: Likely Oncogenic, level NA, resistance NA;CIViC: NA;CancerHotspot: no;3DHotspot: no			MutationAssessor: NA;SIFT: NA;Polyphen-2: NA;AlphaMissense: NA	Frame_Shift_Ins	INS	ShallowDel	Somatic	---	broad.mit.edu	12	49448178	49448179	-	A	12:g.49448178_49448179insA	ENST00000301067.7:c.421dup	0.50		3	3		10	319	4/54					75.0			1.0	0.2545	No	No	M0	N1	LUSC	0.03	0:LIVING	1	Male	Current Reformed Smoker For < Or = 15 Years	60.0	Matched	IIB	10.7	T2b
KMT2D	Pan-Lung Cancer (TCGA, Nat Genet 2016)	TCGA-56-7222-01	Non-Small Cell Lung Cancer	Lung Squamous Cell Carcinoma	H139L	OncoKB: Unknown, level NA, resistance NA;CIViC: NA;CancerHotspot: no;3DHotspot: no			MutationAssessor: NA;SIFT: impact: deleterious, score: 0;Polyphen-2: impact: probably_damaging, score: 0.999;AlphaMissense: pathogenicity: pathogenic, score: 0.9622	Missense_Mutation	SNP	Diploid	Somatic	NA	broad.mit.edu	12	49448184	49448184	T	A	12:g.49448184T>A	ENST00000301067.7:c.416A>T	0.31		4	9		14	353	4/54					60.0			13.0	0.4857	No	No		N0	LUSC	0.43	0:LIVING	1	Male	Current Smoker	23.0	Matched		11.73333333	T2a
KMT2D	Pan-Lung Cancer (TCGA, Nat Genet 2016)	TCGA-56-7221-01	Non-Small Cell Lung Cancer	Lung Squamous Cell Carcinoma	Q2458*	OncoKB: Likely Oncogenic, level NA, resistance NA;CIViC: NA;CancerHotspot: no;3DHotspot: no			MutationAssessor: NA;SIFT: NA;Polyphen-2: NA;AlphaMissense: NA	Nonsense_Mutation	SNP	Diploid	Somatic	NA	broad.mit.edu	12	49434181	49434181	G	A	12:g.49434181G>A	ENST00000301067.7:c.7372C>T	0.33		31	63		88	226	31/54					79.0			30.0	0.3509	No	Yes, history of prior malignancy		N0	LUSC	0.99	0:LIVING	1	Male	Current Reformed Smoker For > 15 Years	25.0	Matched		7.5	T2
KMT2D	Pan-Lung Cancer (TCGA, Nat Genet 2016)	TCGA-56-6545-01	Non-Small Cell Lung Cancer	Lung Squamous Cell Carcinoma	E668*	OncoKB: Likely Oncogenic, level NA, resistance NA;CIViC: NA;CancerHotspot: no;3DHotspot: no			MutationAssessor: NA;SIFT: NA;Polyphen-2: NA;AlphaMissense: NA	Nonsense_Mutation	SNP	Gain	Somatic	NA	broad.mit.edu	12	49445464	49445464	C	A	12:g.49445464C>A	ENST00000301067.7:c.2002G>T	0.13		11	77		93	256	10/54					77.0			62.0	0.3498	No	No	M0	N0	LUSC	2.04	0:LIVING	1	Female	Current Reformed Smoker For < Or = 15 Years		Matched	IB	8.566666667	T2a
KMT2D	Pan-Lung Cancer (TCGA, Nat Genet 2016)	TCGA-56-5897-01	Non-Small Cell Lung Cancer	Lung Squamous Cell Carcinoma	S1812*	OncoKB: Likely Oncogenic, level NA, resistance NA;CIViC: NA;CancerHotspot: no;3DHotspot: no			MutationAssessor: NA;SIFT: NA;Polyphen-2: NA;AlphaMissense: NA	Nonsense_Mutation	SNP	Diploid	Somatic	NA	broad.mit.edu	12	49437450	49437450	G	C	12:g.49437450G>C	ENST00000301067.7:c.5435C>G	0.11		5	40		47	96	23/54					74.0			3.0	0.2066	No	No	Mx	N0	LUSC	0.1	0:LIVING	1	Male	Current Reformed Smoker For > 15 Years		Matched	IA	3.2	T1b
KMT2D	Pan-Lung Cancer (TCGA, Nat Genet 2016)	TCGA-55-8204-01	Non-Small Cell Lung Cancer	Lung Adenocarcinoma	X1473_splice	OncoKB: Likely Oncogenic, level NA, resistance NA;CIViC: NA;CancerHotspot: no;3DHotspot: no			MutationAssessor: NA;SIFT: NA;Polyphen-2: NA;AlphaMissense: NA	Splice_Site	SNP	ShallowDel	Somatic	NA	broad.mit.edu	12	49440208	49440208	C	T	12:g.49440208C>T	ENST00000301067.7:c.4419-1G>A	0.09		14	143		199	189						87.0			0.0	0.2783	No	Yes, history of prior malignancy	Mx	N0	LUAD	0.0	0:LIVING	1	Female	Current Reformed Smoker For > 15 Years		Matched	IB	6.3	T2a
KMT2D	Pan-Lung Cancer (TCGA, Nat Genet 2016)	TCGA-55-7995-01	Non-Small Cell Lung Cancer	Lung Adenocarcinoma	A2133Rfs*21	OncoKB: Likely Oncogenic, level NA, resistance NA;CIViC: NA;CancerHotspot: no;3DHotspot: no			MutationAssessor: NA;SIFT: NA;Polyphen-2: NA;AlphaMissense: NA	Frame_Shift_Del	DEL	Gain	Somatic	---	broad.mit.edu	12	49435155	49435156	GC	-	12:g.49435155_49435156del	ENST00000301067.7:c.6397_6398del	0.25		7	21		20	587	31/54					73.0			5.0	0.3208	No	No	M0	N0	LUAD	0.2	0:LIVING	1	Female	Current Reformed Smoker For < Or = 15 Years	60.0	Matched	IA	19.7	T1b
KMT2D	Pan-Lung Cancer (TCGA, Nat Genet 2016)	TCGA-55-7995-01	Non-Small Cell Lung Cancer	Lung Adenocarcinoma	R5106H	OncoKB: Unknown, level NA, resistance NA;CIViC: NA;CancerHotspot: no;3DHotspot: no			MutationAssessor: impact: medium, score: 5.462717378134376;SIFT: impact: deleterious, score: 0;Polyphen-2: impact: probably_damaging, score: 0.999;AlphaMissense: pathogenicity: pathogenic, score: 0.8159	Missense_Mutation	SNP	Gain	Somatic	NA	broad.mit.edu	12	49420432	49420432	C	T	12:g.49420432C>T	ENST00000301067.7:c.15317G>A	0.04		3	66		79	587	48/54		Benign			73.0			5.0	0.3208	No	No	M0	N0	LUAD	0.2	0:LIVING	1	Female	Current Reformed Smoker For < Or = 15 Years	60.0	Matched	IA	19.7	T1b
KMT2D	Pan-Lung Cancer (TCGA, Nat Genet 2016)	TCGA-55-7728-01	Non-Small Cell Lung Cancer	Lung Adenocarcinoma	P2276S	OncoKB: Unknown, level NA, resistance NA;CIViC: NA;CancerHotspot: no;3DHotspot: no			MutationAssessor: impact: low, score: 4.095889791075879;SIFT: impact: tolerated, score: 0.32;Polyphen-2: impact: benign, score: 0;AlphaMissense: pathogenicity: benign, score: 0.0686	Missense_Mutation	SNP	Amp	Somatic	NA	broad.mit.edu	12	49434727	49434727	G	A	12:g.49434727G>A	ENST00000301067.7:c.6826C>T	0.42		34	46		49	91	31/54		Benign/Likely_benign			64.0			24.0	0.0590	No	No	Mx	N0	LUAD	0.8	0:LIVING	1	Female	Current Reformed Smoker For < Or = 15 Years	30.0	Matched	IB	3.033333333	T2a
KMT2D	Pan-Lung Cancer (TCGA, Nat Genet 2016)	TCGA-52-7809-01	Non-Small Cell Lung Cancer	Lung Squamous Cell Carcinoma	S2312*	OncoKB: Likely Oncogenic, level NA, resistance NA;CIViC: NA;CancerHotspot: no;3DHotspot: no			MutationAssessor: NA;SIFT: NA;Polyphen-2: NA;AlphaMissense: NA	Nonsense_Mutation	SNP	Gain	Somatic	NA	broad.mit.edu	12	49434618	49434618	G	C	12:g.49434618G>C	ENST00000301067.7:c.6935C>G	0.26		7	20		37	214	31/54					74.0		166.0		0.4334	No	No	M0	N0	LUSC	5.46	1:DECEASED	1	Male	Current Smoker	60.0	Matched	IB	7.1	T2
KMT2D	Pan-Lung Cancer (TCGA, Nat Genet 2016)	TCGA-50-8459-01	Non-Small Cell Lung Cancer	Lung Adenocarcinoma	A4334D	OncoKB: Unknown, level NA, resistance NA;CIViC: NA;CancerHotspot: no;3DHotspot: no			MutationAssessor: NA;SIFT: impact: deleterious_low_confidence, score: 0.03;Polyphen-2: impact: benign, score: 0.006;AlphaMissense: pathogenicity: benign, score: 0.1348	Missense_Mutation	SNP	Diploid	Somatic	NA	broad.mit.edu	12	49425487	49425487	G	T	12:g.49425487G>T	ENST00000301067.7:c.13001C>A	0.35		7	13		40	71	39/54		Uncertain_significance			68.0			231.0	0.0065	No	No	M0	N0	LUAD	7.6	0:LIVING	1	Male	Current Smoker	10.0	Matched	IIB	2.4	T3
KMT2D	Pan-Lung Cancer (TCGA, Nat Genet 2016)	TCGA-50-5931-01	Non-Small Cell Lung Cancer	Lung Adenocarcinoma	EE667D*	OncoKB: Unknown, level NA, resistance NA;CIViC: NA;CancerHotspot: no;3DHotspot: no			MutationAssessor: NA;SIFT: NA;Polyphen-2: NA;AlphaMissense: NA	Nonsense_Mutation	DNP	Gain	Somatic	NA	broad.mit.edu	12	49445464	49445465	CC	AA	12:g.49445464_49445465delinsAA	ENST00000301067.7:c.2001_2002delinsTT	0.42		26	36		78	272	10/54					75.0		434.0	267.0	0.4539	No	No	M0	N0	LUAD	14.3	1:DECEASED	1	Female	Current Reformed Smoker For < Or = 15 Years	40.0	Matched	IB	9.066666667	T2
KMT2D	Pan-Lung Cancer (TCGA, Nat Genet 2016)	TCGA-49-AAQV-01	Non-Small Cell Lung Cancer	Lung Adenocarcinoma	P1621L	OncoKB: Unknown, level NA, resistance NA;CIViC: NA;CancerHotspot: no;3DHotspot: no			MutationAssessor: impact: low, score: 3.5803632268792325;SIFT: impact: tolerated, score: 0.28;Polyphen-2: impact: benign, score: 0.005;AlphaMissense: pathogenicity: benign, score: 0.0774	Missense_Mutation	SNP	Diploid	Somatic	NA	broad.mit.edu	12	49438628	49438628	G	A	12:g.49438628G>A	ENST00000301067.7:c.4862C>T	0.09		8	84		88	75	19/54					63.0		677.0		0.1747	No	No	Mx	N1	LUAD	22.3	1:DECEASED	1	Female	Lifelong Non-Smoker		Matched	II	2.5	T1
KMT2D	Pan-Lung Cancer (TCGA, Nat Genet 2016)	TCGA-46-3765-01	Non-Small Cell Lung Cancer	Lung Squamous Cell Carcinoma	X371_splice	OncoKB: Likely Oncogenic, level NA, resistance NA;CIViC: NA;CancerHotspot: no;3DHotspot: no			MutationAssessor: NA;SIFT: NA;Polyphen-2: NA;AlphaMissense: NA	Splice_Site	SNP	Diploid	Somatic	NA	broad.mit.edu	12	49446494	49446494	T	A	12:g.49446494T>A	ENST00000301067.7:c.1113-2A>T	0.30		6	14		21	195						59.0			396.0	0.3617	No	No	M0	N0	LUSC	13.03	0:LIVING	1	Female	Current Smoker		Matched	IA	6.533333333	T1
KMT2D	Pan-Lung Cancer (TCGA, Nat Genet 2016)	TCGA-44-A4SS-01	Non-Small Cell Lung Cancer	Lung Adenocarcinoma	C1397Y	OncoKB: Unknown, level NA, resistance NA;CIViC: NA;CancerHotspot: no;3DHotspot: no			MutationAssessor: impact: medium, score: 5.505381107141445;SIFT: impact: deleterious, score: 0;Polyphen-2: impact: probably_damaging, score: 0.979;AlphaMissense: pathogenicity: pathogenic, score: 1	Missense_Mutation	SNP	Diploid	Somatic	NA	broad.mit.edu	12	49441794	49441794	C	T	12:g.49441794C>T	ENST00000301067.7:c.4190G>A	0.07		7	96		71	432	14/54					73.0			114.0	0.0109	No	No	M0	N0	LUAD	3.8	0:LIVING	1	Male	Current Reformed Smoker For < Or = 15 Years	90.0	Matched	IA	14.36666667	T1b
KMT2D	Pan-Lung Cancer (TCGA, Nat Genet 2016)	TCGA-44-8117-01	Non-Small Cell Lung Cancer	Lung Adenocarcinoma	P938A	OncoKB: Unknown, level NA, resistance NA;CIViC: NA;CancerHotspot: no;3DHotspot: no			MutationAssessor: impact: medium, score: 5.425114945933056;SIFT: impact: deleterious_low_confidence, score: 0.01;Polyphen-2: impact: probably_damaging, score: 0.986;AlphaMissense: pathogenicity: benign, score: 0.1057	Missense_Mutation	SNP	Diploid	Somatic	NA	broad.mit.edu	12	49444559	49444559	G	C	12:g.49444559G>C	ENST00000301067.7:c.2812C>G	0.37		10	17		28	652	11/54					54.0			259.0	0.6349	No	No	M0	N0	LUAD	8.5	0:LIVING	1	Female	Current Reformed Smoker For < Or = 15 Years	54.0	Matched	IB	21.7	T2a
KMT2D	Pan-Lung Cancer (TCGA, Nat Genet 2016)	TCGA-44-6146-01	Non-Small Cell Lung Cancer	Lung Adenocarcinoma	A5339V	OncoKB: Unknown, level NA, resistance NA;CIViC: NA;CancerHotspot: no;3DHotspot: no			MutationAssessor: impact: medium, score: 5.462717378134376;SIFT: impact: deleterious, score: 0;Polyphen-2: impact: probably_damaging, score: 0.996;AlphaMissense: pathogenicity: pathogenic, score: 0.9874	Missense_Mutation	SNP	Diploid	Somatic	NA	broad.mit.edu	12	49418397	49418397	G	A	12:g.49418397G>A	ENST00000301067.7:c.16016C>T	0.07		3	38		36	37	50/54					64.0			302.0	0.1259	No	Yes, history of prior malignancy	M0	N0	LUAD	9.9	0:LIVING	1	Male	Current Reformed Smoker For > 15 Years	15.0	Matched	IIB	1.233333333	T3
KMT2D	Pan-Lung Cancer (TCGA, Nat Genet 2016)	TCGA-44-2668-01	Non-Small Cell Lung Cancer	Lung Adenocarcinoma	G1946A	OncoKB: Unknown, level NA, resistance NA;CIViC: NA;CancerHotspot: no;3DHotspot: no			MutationAssessor: impact: low, score: 4.697928409833328;SIFT: impact: tolerated, score: 0.29;Polyphen-2: impact: benign, score: 0.012;AlphaMissense: pathogenicity: benign, score: 0.1049	Missense_Mutation	SNP	Gain	Somatic	NA	broad.mit.edu	12	49436374	49436374	C	G	12:g.49436374C>G	ENST00000301067.7:c.5837G>C	0.30		27	64		75	333	27/54					51.0			246.0	0.2676	No	No	M0	N0	LUAD	8.1	0:LIVING	1	Male	Current Reformed Smoker For < Or = 15 Years	60.0	Matched	IB	11.1	T2
KMT2D	Pan-Lung Cancer (TCGA, Nat Genet 2016)	TCGA-43-6770-01	Non-Small Cell Lung Cancer	Lung Squamous Cell Carcinoma	K1350Rfs*5	OncoKB: Likely Oncogenic, level NA, resistance NA;CIViC: NA;CancerHotspot: no;3DHotspot: no			MutationAssessor: NA;SIFT: NA;Polyphen-2: NA;AlphaMissense: NA	Frame_Shift_Del	DEL	Diploid	Somatic	---	broad.mit.edu	12	49442517	49442524	CTCCTCCT	-	12:g.49442517_49442524del	ENST00000301067.7:c.4049_4056del	0.24		67	207		292	208	13/54					59.0			85.0	0.4276	No	No	Mx	N0	LUSC	2.8	0:LIVING	1	Female	Current Smoker	34.0	Matched	IB	6.9	T2a
KMT2D	Pan-Lung Cancer (TCGA, Nat Genet 2016)	TCGA-43-3394-01	Non-Small Cell Lung Cancer	Lung Squamous Cell Carcinoma	R3087L	OncoKB: Unknown, level NA, resistance NA;CIViC: NA;CancerHotspot: no;3DHotspot: no			MutationAssessor: impact: low, score: 5.019795317764234;SIFT: impact: deleterious, score: 0;Polyphen-2: impact: benign, score: 0.018;AlphaMissense: pathogenicity: benign, score: 0.1493	Missense_Mutation	SNP	Gain	Somatic	NA	broad.mit.edu	12	49431879	49431879	C	A	12:g.49431879C>A	ENST00000301067.7:c.9260G>T	0.50		15	15		31	131	34/54					52.0			352.0	0.6620	No	No	M0	N0	LUSC	11.58	0:LIVING	1	Male	Current Smoker	15.0	Matched	IB	4.366666667	T2a
KMT2D	Pan-Lung Cancer (TCGA, Nat Genet 2016)	TCGA-43-2578-01	Non-Small Cell Lung Cancer	Lung Squamous Cell Carcinoma	S2614_P2618del	OncoKB: Unknown, level NA, resistance NA;CIViC: NA;CancerHotspot: no;3DHotspot: no			MutationAssessor: NA;SIFT: NA;Polyphen-2: NA;AlphaMissense: NA	In_Frame_Del	DEL	Diploid	Somatic	---	broad.mit.edu	12	49433700	49433714	GGTGGCAGAACCGAC	-	12:g.49433700_49433714del	ENST00000301067.7:c.7839_7853del	0.27		11	30		76	274	31/54					59.0			550.0	0.4834	No	Yes, history of prior malignancy	M0	N0	LUSC	18.09	0:LIVING	1	Female	Current Reformed Smoker For < Or = 15 Years	64.0	Matched	IA	9.166666667	T1
KMT2D	Pan-Lung Cancer (TCGA, Nat Genet 2016)	TCGA-39-5036-01	Non-Small Cell Lung Cancer	Lung Squamous Cell Carcinoma	G1928Vfs*119	OncoKB: Likely Oncogenic, level NA, resistance NA;CIViC: NA;CancerHotspot: no;3DHotspot: no			MutationAssessor: NA;SIFT: NA;Polyphen-2: NA;AlphaMissense: NA	Frame_Shift_Del	DEL	Amp	Somatic	---	broad.mit.edu	12	49436428	49436428	C	-	12:g.49436428del	ENST00000301067.7:c.5783del	0.50		54	55		90	256	27/54					73.0			1084.0	0.4163	No	No	M0	N0	LUSC	35.66	0:LIVING	1	Male	Current Reformed Smoker For < Or = 15 Years	63.0	Matched	IB	8.5	T2
KMT2D	Pan-Lung Cancer (TCGA, Nat Genet 2016)	TCGA-39-5031-01	Non-Small Cell Lung Cancer	Lung Squamous Cell Carcinoma	P932=	OncoKB: Likely Oncogenic, level NA, resistance NA;CIViC: NA;CancerHotspot: no;3DHotspot: no			MutationAssessor: NA;SIFT: NA;Polyphen-2: NA;AlphaMissense: NA	Splice_Region	SNP	Diploid	Somatic	NA	broad.mit.edu	12	49444670	49444670	T	A	12:g.49444670T>A	ENST00000301067.7:c.2796A>T	0.30		33	76		111	567	10/54					76.0			833.0	0.4247	No	No	M0	N0	LUSC	27.4	0:LIVING	1	Female	Current Reformed Smoker For < Or = 15 Years	60.0	Matched	IA	18.96666667	T1a
KMT2D	Pan-Lung Cancer (TCGA, Nat Genet 2016)	TCGA-39-5030-01	Non-Small Cell Lung Cancer	Lung Squamous Cell Carcinoma	R4904*	OncoKB: Likely Oncogenic, level NA, resistance NA;CIViC: NA;CancerHotspot: no;3DHotspot: no			MutationAssessor: NA;SIFT: NA;Polyphen-2: NA;AlphaMissense: NA	Nonsense_Mutation	SNP	Diploid	Somatic	NA	broad.mit.edu	12	49421039	49421039	G	A	12:g.49421039G>A	ENST00000301067.7:c.14710C>T	0.04		6	152		172	281	48/54		Pathogenic			81.0		59.0	59.0	0.0782	No	No	M0	N2	LUSC	1.94	1:DECEASED	1	Female	Current Reformed Smoker For > 15 Years	8.0	Matched	IIIA	9.366666667	T2a
KMT2D	Pan-Lung Cancer (TCGA, Nat Genet 2016)	TCGA-39-5027-01	Non-Small Cell Lung Cancer	Lung Squamous Cell Carcinoma	Q2166*	OncoKB: Likely Oncogenic, level NA, resistance NA;CIViC: NA;CancerHotspot: no;3DHotspot: no			MutationAssessor: NA;SIFT: NA;Polyphen-2: NA;AlphaMissense: NA	Nonsense_Mutation	SNP	Diploid	Somatic	NA	broad.mit.edu	12	49435057	49435057	G	A	12:g.49435057G>A	ENST00000301067.7:c.6496C>T	0.37		10	17		21	294	31/54		Pathogenic			73.0			1849.0	0.4995	No	No	M0	N0	LUSC	60.82	0:LIVING	1	Male	Current Reformed Smoker For < Or = 15 Years	40.0	Matched	IB	9.833333333	T2a
KMT2D	Pan-Lung Cancer (TCGA, Nat Genet 2016)	TCGA-39-5027-01	Non-Small Cell Lung Cancer	Lung Squamous Cell Carcinoma	C5035F	OncoKB: Unknown, level NA, resistance NA;CIViC: NA;CancerHotspot: no;3DHotspot: no			MutationAssessor: impact: medium, score: 5.462717378134376;SIFT: impact: deleterious, score: 0;Polyphen-2: impact: probably_damaging, score: 0.997;AlphaMissense: pathogenicity: pathogenic, score: 0.9992	Missense_Mutation	SNP	Diploid	Somatic	NA	broad.mit.edu	12	49420645	49420645	C	A	12:g.49420645C>A	ENST00000301067.7:c.15104G>T	0.07		8	101		103	294	48/54					73.0			1849.0	0.4995	No	No	M0	N0	LUSC	60.82	0:LIVING	1	Male	Current Reformed Smoker For < Or = 15 Years	40.0	Matched	IB	9.833333333	T2a
KMT2D	Pan-Lung Cancer (TCGA, Nat Genet 2016)	TCGA-39-5011-01	Non-Small Cell Lung Cancer	Lung Squamous Cell Carcinoma	E667Q	OncoKB: Unknown, level NA, resistance NA;CIViC: NA;CancerHotspot: no;3DHotspot: no			MutationAssessor: NA;SIFT: impact: deleterious_low_confidence, score: 0.01;Polyphen-2: impact: benign, score: 0.142;AlphaMissense: pathogenicity: benign, score: 0.1588	Missense_Mutation	SNP	Gain	Somatic	NA	broad.mit.edu	12	49445467	49445467	C	G	12:g.49445467C>G	ENST00000301067.7:c.1999G>C	0.19		13	55		90	566	10/54					70.0			1454.0	0.0843	No	No	M0	N0	LUSC	47.83	0:LIVING	1	Female	Current Reformed Smoker For < Or = 15 Years	45.0	Matched	IA	18.9	T1b
KMT2D	Pan-Lung Cancer (TCGA, Nat Genet 2016)	TCGA-38-A44F-01	Non-Small Cell Lung Cancer	Lung Adenocarcinoma	R1292C	OncoKB: Unknown, level NA, resistance NA;CIViC: NA;CancerHotspot: no;3DHotspot: no			MutationAssessor: impact: medium, score: 5.498794842863176;SIFT: impact: deleterious, score: 0;Polyphen-2: impact: probably_damaging, score: 0.988;AlphaMissense: pathogenicity: pathogenic, score: 0.7644	Missense_Mutation	SNP	Diploid	Somatic	NA	broad.mit.edu	12	49443497	49443497	G	A	12:g.49443497G>A	ENST00000301067.7:c.3874C>T	0.06		4	59		71	14	11/54		Benign			80.0			133.0	0.0000	No	No	M0	N0	LUAD	4.4	0:LIVING	1	Male	Current Reformed Smoker For > 15 Years	12.0	Matched	IB	0.466666667	T2a
KMT2D	Pan-Lung Cancer (TCGA, Nat Genet 2016)	TCGA-37-A5EN-01	Non-Small Cell Lung Cancer	Lung Squamous Cell Carcinoma	E5251*	OncoKB: Likely Oncogenic, level NA, resistance NA;CIViC: NA;CancerHotspot: no;3DHotspot: no			MutationAssessor: NA;SIFT: NA;Polyphen-2: NA;AlphaMissense: NA	Nonsense_Mutation	SNP	Gain	Somatic	NA	broad.mit.edu	12	49419998	49419998	C	A	12:g.49419998C>A	ENST00000301067.7:c.15751G>T	0.29		32	80		133	200	48/54					59.0			356.0	0.5422	No	No	M0	N2	LUSC	11.71	0:LIVING	1	Male			Matched	IIIB	6.666666667	T4
KMT2D	Pan-Lung Cancer (TCGA, Nat Genet 2016)	TCGA-37-A5EM-01	Non-Small Cell Lung Cancer	Lung Squamous Cell Carcinoma	W4730L	OncoKB: Unknown, level NA, resistance NA;CIViC: NA;CancerHotspot: no;3DHotspot: no			MutationAssessor: impact: low, score: 3.6778661906638277;SIFT: impact: tolerated, score: 0.38;Polyphen-2: impact: benign, score: 0.003;AlphaMissense: pathogenicity: benign, score: 0.0978	Missense_Mutation	SNP	Diploid	Somatic	NA	broad.mit.edu	12	49422906	49422906	C	A	12:g.49422906C>A	ENST00000301067.7:c.14189G>T	0.32		14	30		30	276	44/54					49.0			112.0	0.3912	No	No	M0	N0	LUSC	3.68	0:LIVING	1	Male			Matched	II	9.2	T2
KMT2D	Pan-Lung Cancer (TCGA, Nat Genet 2016)	TCGA-37-A5EL-01	Non-Small Cell Lung Cancer	Lung Squamous Cell Carcinoma	P1855L	OncoKB: Unknown, level NA, resistance NA;CIViC: NA;CancerHotspot: no;3DHotspot: no			MutationAssessor: impact: low, score: 5.126138241725368;SIFT: impact: deleterious, score: 0.02;Polyphen-2: impact: probably_damaging, score: 0.996;AlphaMissense: pathogenicity: benign, score: 0.0839	Missense_Mutation	SNP	Gain	Somatic	NA	broad.mit.edu	12	49436939	49436939	G	A	12:g.49436939G>A	ENST00000301067.7:c.5564C>T	0.39		20	31		53	354	25/54									0.5918					LUSC			1				Matched		11.8	
KMT2D	Pan-Lung Cancer (TCGA, Nat Genet 2016)	TCGA-37-A5EL-01	Non-Small Cell Lung Cancer	Lung Squamous Cell Carcinoma	P710R	OncoKB: Unknown, level NA, resistance NA;CIViC: NA;CancerHotspot: no;3DHotspot: no			MutationAssessor: NA;SIFT: impact: deleterious_low_confidence, score: 0.04;Polyphen-2: impact: benign, score: 0;AlphaMissense: pathogenicity: benign, score: 0.1206	Missense_Mutation	SNP	Gain	Somatic	NA	broad.mit.edu	12	49445337	49445337	G	C	12:g.49445337G>C	ENST00000301067.7:c.2129C>G	0.46		75	89		143	354	10/54		Likely_benign		0.00023					0.5918					LUSC			1				Matched		11.8	
KMT2D	Pan-Lung Cancer (TCGA, Nat Genet 2016)	TCGA-37-4135-01	Non-Small Cell Lung Cancer	Lung Squamous Cell Carcinoma	P1084L	OncoKB: Unknown, level NA, resistance NA;CIViC: NA;CancerHotspot: no;3DHotspot: no			MutationAssessor: impact: low, score: 5.0733933050269515;SIFT: impact: deleterious_low_confidence, score: 0;Polyphen-2: impact: probably_damaging, score: 0.996;AlphaMissense: pathogenicity: benign, score: 0.1306	Missense_Mutation	SNP	Diploid	Somatic	NA	broad.mit.edu	12	49444120	49444120	G	A	12:g.49444120G>A	ENST00000301067.7:c.3251C>T	0.59		17	12		29	258	11/54					68.0			207.0	0.6925	No	No	M0	N0	LUSC	6.81	0:LIVING	1	Male	Current Reformed Smoker For < Or = 15 Years	45.0	Matched	IB	8.666666667	T2a
KMT2D	Pan-Lung Cancer (TCGA, Nat Genet 2016)	TCGA-37-4133-01	Non-Small Cell Lung Cancer	Lung Squamous Cell Carcinoma	E4970*	OncoKB: Likely Oncogenic, level NA, resistance NA;CIViC: NA;CancerHotspot: no;3DHotspot: no			MutationAssessor: NA;SIFT: NA;Polyphen-2: NA;AlphaMissense: NA	Nonsense_Mutation	SNP	Diploid	Somatic	NA	broad.mit.edu	12	49420841	49420841	C	A	12:g.49420841C>A	ENST00000301067.7:c.14908G>T	0.49		75	77		164	240	48/54					63.0			238.0	0.5885	No	No	M0	N0	LUSC	7.83	0:LIVING	1	Male	Current Reformed Smoker For < Or = 15 Years	40.0	Matched	IIIA	8.033333333	T4
KMT2D	Pan-Lung Cancer (TCGA, Nat Genet 2016)	TCGA-37-3789-01	Non-Small Cell Lung Cancer	Lung Squamous Cell Carcinoma	C1408F	OncoKB: Unknown, level NA, resistance NA;CIViC: NA;CancerHotspot: no;3DHotspot: no			MutationAssessor: impact: medium, score: 5.505381107141445;SIFT: impact: deleterious, score: 0;Polyphen-2: impact: probably_damaging, score: 0.979;AlphaMissense: pathogenicity: pathogenic, score: 0.9998	Missense_Mutation	SNP	Diploid	Somatic	NA	broad.mit.edu	12	49441761	49441761	C	A	12:g.49441761C>A	ENST00000301067.7:c.4223G>T	0.35		13	24		30	260	14/54					65.0			13.0	0.3420	No	No		N0	LUSC	0.43	0:LIVING	1	Male	Lifelong Non-Smoker		Matched	IB	8.7	T2
KMT2D	Pan-Lung Cancer (TCGA, Nat Genet 2016)	TCGA-35-4122-01	Non-Small Cell Lung Cancer	Lung Adenocarcinoma	E1838*	OncoKB: Likely Oncogenic, level NA, resistance NA;CIViC: NA;CancerHotspot: no;3DHotspot: no			MutationAssessor: NA;SIFT: NA;Polyphen-2: NA;AlphaMissense: NA	Nonsense_Mutation	SNP	Gain	Somatic	NA	broad.mit.edu	12	49437167	49437167	C	A	12:g.49437167C>A	ENST00000301067.7:c.5512G>T	0.12		26	185		221	286	24/54					69.0			225.0	0.0597	No	No	M0	N0	LUAD	7.4	0:LIVING	1	Male	Current Reformed Smoker For < Or = 15 Years	45.0	Matched	IA	9.6	T1
KMT2D	Pan-Lung Cancer (TCGA, Nat Genet 2016)	TCGA-34-8454-01	Non-Small Cell Lung Cancer	Lung Squamous Cell Carcinoma	G2178Wfs*24	OncoKB: Likely Oncogenic, level NA, resistance NA;CIViC: NA;CancerHotspot: no;3DHotspot: no			MutationAssessor: NA;SIFT: NA;Polyphen-2: NA;AlphaMissense: NA	Frame_Shift_Ins	INS	Diploid	Somatic	---	broad.mit.edu	12	49435021	49435022	-	A	12:g.49435021_49435022insA	ENST00000301067.7:c.6531dup	0.33		7	14		21	460	31/54					62.0			166.0	0.2797	No	No	M0	N1	LUSC	5.46	0:LIVING	1	Female	Current Reformed Smoker For < Or = 15 Years	90.0	Matched	IIIA	15.3	T3
KMT2D	Pan-Lung Cancer (TCGA, Nat Genet 2016)	TCGA-34-7107-01	Non-Small Cell Lung Cancer	Lung Squamous Cell Carcinoma	Q3738*	OncoKB: Likely Oncogenic, level NA, resistance NA;CIViC: NA;CancerHotspot: no;3DHotspot: no			MutationAssessor: NA;SIFT: NA;Polyphen-2: NA;AlphaMissense: NA	Nonsense_Mutation	SNP	Gain	Somatic	NA	broad.mit.edu	12	49427276	49427276	G	A	12:g.49427276G>A	ENST00000301067.7:c.11212C>T	0.52		11	10		24	220	39/54					70.0		34.0		0.5942	No	No	M0	N0	LUSC	1.12	1:DECEASED	1	Male	Current Reformed Smoker For < Or = 15 Years		Matched	II	7.4	T2a
KMT2D	Pan-Lung Cancer (TCGA, Nat Genet 2016)	TCGA-34-5928-01	Non-Small Cell Lung Cancer	Lung Squamous Cell Carcinoma	D3560N	OncoKB: Unknown, level NA, resistance NA;CIViC: NA;CancerHotspot: no;3DHotspot: no			MutationAssessor: impact: medium, score: 5.505926066323458;SIFT: impact: deleterious, score: 0.01;Polyphen-2: impact: probably_damaging, score: 0.996;AlphaMissense: pathogenicity: pathogenic, score: 0.9901	Missense_Mutation	SNP	Diploid	Somatic	NA	broad.mit.edu	12	49427912	49427912	C	T	12:g.49427912C>T	ENST00000301067.7:c.10678G>A	0.13		11	76		83	341	38/54					83.0			169.0	0.5559	No	No	M0	N1	LUSC	5.56	0:LIVING	1	Female	Current Reformed Smoker For > 15 Years	40.0	Matched	IIB	11.33333333	T2
KMT2D	Pan-Lung Cancer (TCGA, Nat Genet 2016)	TCGA-34-5927-01	Non-Small Cell Lung Cancer	Lung Squamous Cell Carcinoma	R2217H	OncoKB: Unknown, level NA, resistance NA;CIViC: NA;CancerHotspot: no;3DHotspot: no			MutationAssessor: impact: low, score: 3.9818460022403346;SIFT: impact: tolerated, score: 0.07;Polyphen-2: impact: benign, score: 0.003;AlphaMissense: pathogenicity: benign, score: 0.0936	Missense_Mutation	SNP	Diploid	Somatic	NA	broad.mit.edu	12	49434903	49434903	C	T	12:g.49434903C>T	ENST00000301067.7:c.6650G>A	0.51		24	23		41	243	31/54		Benign			70.0			698.0	0.4569	No	No	M0	N0	LUSC	22.96	0:LIVING	1	Female			Matched	IA	8.1	T1
KMT2D	Pan-Lung Cancer (TCGA, Nat Genet 2016)	TCGA-34-2609-01	Non-Small Cell Lung Cancer	Lung Squamous Cell Carcinoma	A3344S	OncoKB: Unknown, level NA, resistance NA;CIViC: NA;CancerHotspot: no;3DHotspot: no			MutationAssessor: impact: medium, score: 5.4326147736571;SIFT: impact: tolerated, score: 0.22;Polyphen-2: impact: benign, score: 0.057;AlphaMissense: pathogenicity: benign, score: 0.0804	Missense_Mutation	SNP	Gain	Somatic	NA	broad.mit.edu	12	49431109	49431109	C	A	12:g.49431109C>A	ENST00000301067.7:c.10030G>T	0.21		3	11		22	319	34/54					81.0		951.0	951.0	0.3844	No	Yes, history of prior malignancy	M0	N1	LUSC	31.28	1:DECEASED	1	Male	Current Reformed Smoker For < Or = 15 Years	60.0	Matched	IIB	10.56666667	T2
KMT2D	Pan-Lung Cancer (TCGA, Nat Genet 2016)	TCGA-34-2600-01	Non-Small Cell Lung Cancer	Lung Squamous Cell Carcinoma	Q3370Pfs*53	OncoKB: Likely Oncogenic, level NA, resistance NA;CIViC: NA;CancerHotspot: no;3DHotspot: no			MutationAssessor: NA;SIFT: NA;Polyphen-2: NA;AlphaMissense: NA	Frame_Shift_Ins	INS	Diploid	Somatic	---	broad.mit.edu	12	49431030	49431031	-	G	12:g.49431030_49431031insG	ENST00000301067.7:c.10108dup	0.30		18	43		38	455	34/54					76.0		1874.0	1874.0	0.6730	No	No	M0	N0	LUSC	61.64	1:DECEASED	1	Female	Current Reformed Smoker For < Or = 15 Years	50.0	Matched	IA	15.13333333	T1
KMT2D	Pan-Lung Cancer (TCGA, Nat Genet 2016)	TCGA-34-2596-01	Non-Small Cell Lung Cancer	Lung Squamous Cell Carcinoma	Y5443*	OncoKB: Likely Oncogenic, level NA, resistance NA;CIViC: NA;CancerHotspot: no;3DHotspot: no			MutationAssessor: NA;SIFT: NA;Polyphen-2: NA;AlphaMissense: NA	Nonsense_Mutation	SNP	Gain	Somatic	NA	broad.mit.edu	12	49416382	49416382	G	T	12:g.49416382G>T	ENST00000301067.7:c.16329C>A	0.29		119	295		426	214	51/54					70.0		80.0	80.0	0.8344	No	No	M0	N1	LUSC	2.63	1:DECEASED	1	Male	Current Reformed Smoker For > 15 Years	60.0	Matched	IIB	7.133333333	T2
KMT2D	Pan-Lung Cancer (TCGA, Nat Genet 2016)	TCGA-33-AASD-01	Non-Small Cell Lung Cancer	Lung Squamous Cell Carcinoma	E879*	OncoKB: Likely Oncogenic, level NA, resistance NA;CIViC: NA;CancerHotspot: no;3DHotspot: no			MutationAssessor: NA;SIFT: NA;Polyphen-2: NA;AlphaMissense: NA	Nonsense_Mutation	SNP	Diploid	Somatic	NA	broad.mit.edu	12	49444831	49444831	C	A	12:g.49444831C>A	ENST00000301067.7:c.2635G>T	0.45	0.01	20	24	1	67	310	10/54		Pathogenic			83.0		3376.0		0.7090	No	No	Mx	N0	LUSC	111.05	1:DECEASED	1	Male	Current Smoker	84.0	Matched	IA	10.36666667	T1
KMT2D	Pan-Lung Cancer (TCGA, Nat Genet 2016)	TCGA-33-4538-01	Non-Small Cell Lung Cancer	Lung Squamous Cell Carcinoma	X1302_splice	OncoKB: Likely Oncogenic, level NA, resistance NA;CIViC: NA;CancerHotspot: no;3DHotspot: no			MutationAssessor: NA;SIFT: NA;Polyphen-2: NA;AlphaMissense: NA	Splice_Site	SNP	Gain	Somatic	NA	broad.mit.edu	12	49443464	49443464	C	A	12:g.49443464C>A	ENST00000301067.7:c.3906+1G>T	0.38		29	48		80	158						66.0		2979.0		0.6392	No	No	M0	N2	LUSC	97.99	1:DECEASED	1	Male	Current Smoker	51.0	Matched	IIIA	5.233333333	T2
KMT2D	Pan-Lung Cancer (TCGA, Nat Genet 2016)	TCGA-22-5482-01	Non-Small Cell Lung Cancer	Lung Squamous Cell Carcinoma	H2315Q	OncoKB: Unknown, level NA, resistance NA;CIViC: NA;CancerHotspot: no;3DHotspot: no			MutationAssessor: impact: low, score: 3.6378855385243427;SIFT: impact: deleterious, score: 0.05;Polyphen-2: impact: possibly_damaging, score: 0.601;AlphaMissense: pathogenicity: benign, score: 0.1225	Missense_Mutation	SNP	Diploid	Somatic	NA	broad.mit.edu	12	49434608	49434608	G	C	12:g.49434608G>C	ENST00000301067.7:c.6945C>G	0.20		4	16		25	144	31/54		Conflicting_classifications_of_pathogenicity(Uncertain_significance(1)|Likely_benign(1))		0.000058	81.0		357.0	357.0	0.3978	No	No	M0	N0	LUSC	11.74	1:DECEASED	1	Male	Current Reformed Smoker For < Or = 15 Years	60.0	Matched	IB	4.8	T2a
KMT2D	Pan-Lung Cancer (TCGA, Nat Genet 2016)	TCGA-22-5479-01	Non-Small Cell Lung Cancer	Lung Squamous Cell Carcinoma	Q3518H	OncoKB: Unknown, level NA, resistance NA;CIViC: NA;CancerHotspot: no;3DHotspot: no			MutationAssessor: impact: medium, score: 5.505926066323458;SIFT: impact: deleterious, score: 0.03;Polyphen-2: impact: probably_damaging, score: 0.996;AlphaMissense: pathogenicity: pathogenic, score: 0.9824	Missense_Mutation	SNP	Diploid	Somatic	NA	broad.mit.edu	12	49428036	49428036	C	A	12:g.49428036C>A	ENST00000301067.7:c.10554G>T	0.16	0.0089	21	111	1	111	423	38/54					64.0			1651.0	0.0808	No	No	M0	N0	LUSC	54.31	0:LIVING	1	Male	Current Reformed Smoker For < Or = 15 Years	35.0	Matched	IB	14.1	T2
KMT2D	Pan-Lung Cancer (TCGA, Nat Genet 2016)	TCGA-22-5477-01	Non-Small Cell Lung Cancer	Lung Squamous Cell Carcinoma	E2393*	OncoKB: Likely Oncogenic, level NA, resistance NA;CIViC: NA;CancerHotspot: no;3DHotspot: no			MutationAssessor: NA;SIFT: NA;Polyphen-2: NA;AlphaMissense: NA	Nonsense_Mutation	SNP	Gain	Somatic	NA	broad.mit.edu	12	49434376	49434376	C	A	12:g.49434376C>A	ENST00000301067.7:c.7177G>T	0.75		18	6		22	141	31/54					65.0		1346.0	1346.0	0.7040	No	No	M0	N0	LUSC	44.28	1:DECEASED	1	Male	Current Smoker	100.0	Matched	IA	4.7	T1
KMT2D	Pan-Lung Cancer (TCGA, Nat Genet 2016)	TCGA-22-5473-01	Non-Small Cell Lung Cancer	Lung Squamous Cell Carcinoma	G1387V	OncoKB: Unknown, level NA, resistance NA;CIViC: NA;CancerHotspot: no;3DHotspot: no			MutationAssessor: impact: medium, score: 5.505381107141445;SIFT: impact: deleterious, score: 0;Polyphen-2: impact: probably_damaging, score: 1;AlphaMissense: pathogenicity: pathogenic, score: 0.9994	Missense_Mutation	SNP	Gain	Somatic	NA	broad.mit.edu	12	49441824	49441824	C	A	12:g.49441824C>A	ENST00000301067.7:c.4160G>T	0.20		18	71		98	685	14/54		Uncertain_significance			78.0		1933.0	1933.0	0.6170	No	No	M0	N0	LUSC	63.59	1:DECEASED	1	Male	Current Reformed Smoker For > 15 Years	45.0	Matched	IB	22.86666667	T3
KMT2D	Pan-Lung Cancer (TCGA, Nat Genet 2016)	TCGA-22-5473-01	Non-Small Cell Lung Cancer	Lung Squamous Cell Carcinoma	V1561L	OncoKB: Unknown, level NA, resistance NA;CIViC: NA;CancerHotspot: no;3DHotspot: no			MutationAssessor: impact: medium, score: 5.443961398070919;SIFT: impact: tolerated, score: 0.13;Polyphen-2: impact: benign, score: 0.007;AlphaMissense: pathogenicity: benign, score: 0.1434	Missense_Mutation	SNP	Gain	Somatic	NA	broad.mit.edu	12	49439860	49439860	C	G	12:g.49439860C>G	ENST00000301067.7:c.4681G>C	0.16		3	16		30	685	17/54					78.0		1933.0	1933.0	0.6170	No	No	M0	N0	LUSC	63.59	1:DECEASED	1	Male	Current Reformed Smoker For > 15 Years	45.0	Matched	IB	22.86666667	T3
KMT2D	Pan-Lung Cancer (TCGA, Nat Genet 2016)	TCGA-22-4599-01	Non-Small Cell Lung Cancer	Lung Squamous Cell Carcinoma	A3219Lfs*2	OncoKB: Likely Oncogenic, level NA, resistance NA;CIViC: NA;CancerHotspot: no;3DHotspot: no			MutationAssessor: NA;SIFT: NA;Polyphen-2: NA;AlphaMissense: NA	Frame_Shift_Del	DEL	Diploid	Somatic	---	broad.mit.edu	12	49431484	49431484	C	-	12:g.49431484del	ENST00000301067.7:c.9655del	0.67		8	4		12	320	34/54					73.0		1161.0	1161.0	0.6777	No	No	M0	N0	LUSC	38.19	1:DECEASED	1	Female	Current Smoker	25.0	Matched	IB	10.7	T2a
KMT2D	Pan-Lung Cancer (TCGA, Nat Genet 2016)	TCGA-22-1016-01	Non-Small Cell Lung Cancer	Lung Squamous Cell Carcinoma	Q3333*	OncoKB: Likely Oncogenic, level NA, resistance NA;CIViC: NA;CancerHotspot: no;3DHotspot: no			MutationAssessor: NA;SIFT: NA;Polyphen-2: NA;AlphaMissense: NA	Nonsense_Mutation	SNP	Gain	Somatic	NA	broad.mit.edu	12	49431142	49431142	G	A	12:g.49431142G>A	ENST00000301067.7:c.9997C>T	0.44		12	15		30	295	34/54					65.0		822.0	822.0	0.2312	No	No	M0	N0	LUSC	27.04	1:DECEASED	1	Male	Current Reformed Smoker For > 15 Years	40.0	Matched	IB	9.866666667	T2
KMT2D	Pan-Lung Cancer (TCGA, Nat Genet 2016)	TCGA-22-1002-01	Non-Small Cell Lung Cancer	Lung Squamous Cell Carcinoma	R5179L	OncoKB: Likely Oncogenic, level NA, resistance NA;CIViC: NA;CancerHotspot: yes;3DHotspot: no			MutationAssessor: impact: medium, score: 5.462717378134376;SIFT: impact: deleterious, score: 0;Polyphen-2: impact: possibly_damaging, score: 0.894;AlphaMissense: pathogenicity: pathogenic, score: 0.9949	Missense_Mutation	SNP	Diploid	Somatic	NA	broad.mit.edu	12	49420213	49420213	C	A	12:g.49420213C>A	ENST00000301067.7:c.15536G>T	0.13		8	54		56	212	48/54		Likely_pathogenic			69.0		131.0	131.0	0.1940	No	No	M0	N0	LUSC	4.31	1:DECEASED	1	Male	Current Reformed Smoker For < Or = 15 Years	85.0	Matched	IA	7.066666667	T1
KMT2D	Pan-Lung Cancer (TCGA, Nat Genet 2016)	TCGA-22-1002-01	Non-Small Cell Lung Cancer	Lung Squamous Cell Carcinoma	S1385I	OncoKB: Unknown, level NA, resistance NA;CIViC: NA;CancerHotspot: no;3DHotspot: no			MutationAssessor: impact: medium, score: 5.505381107141445;SIFT: impact: deleterious, score: 0;Polyphen-2: impact: probably_damaging, score: 0.999;AlphaMissense: pathogenicity: pathogenic, score: 0.994	Missense_Mutation	SNP	Diploid	Somatic	NA	broad.mit.edu	12	49441830	49441830	C	A	12:g.49441830C>A	ENST00000301067.7:c.4154G>T	0.25		28	86		131	212	14/54					69.0		131.0	131.0	0.1940	No	No	M0	N0	LUSC	4.31	1:DECEASED	1	Male	Current Reformed Smoker For < Or = 15 Years	85.0	Matched	IA	7.066666667	T1
KMT2D	Pan-Lung Cancer (TCGA, Nat Genet 2016)	TCGA-21-1083-01	Non-Small Cell Lung Cancer	Lung Squamous Cell Carcinoma	E1742*	OncoKB: Likely Oncogenic, level NA, resistance NA;CIViC: NA;CancerHotspot: no;3DHotspot: no			MutationAssessor: NA;SIFT: NA;Polyphen-2: NA;AlphaMissense: NA	Nonsense_Mutation	SNP	ShallowDel	Somatic	NA	broad.mit.edu	12	49437746	49437746	C	A	12:g.49437746C>A	ENST00000301067.7:c.5224G>T	0.62		110	68		263	617	22/54					75.0		1315.0	267.0	0.7367	No	Yes, history of prior malignancy	M0	N0	LUSC	43.26	1:DECEASED	1	Male	Current Smoker	240.0	Matched	IA	20.53333333	T1
KMT2D	Pan-Lung Cancer (TCGA, Nat Genet 2016)	TCGA-21-1083-01	Non-Small Cell Lung Cancer	Lung Squamous Cell Carcinoma	A17T	OncoKB: Unknown, level NA, resistance NA;CIViC: NA;CancerHotspot: no;3DHotspot: no			MutationAssessor: NA;SIFT: impact: deleterious, score: 0.02;Polyphen-2: impact: probably_damaging, score: 0.994;AlphaMissense: pathogenicity: benign, score: 0.1024	Missense_Mutation	SNP	ShallowDel	Somatic	NA	broad.mit.edu	12	49449059	49449059	C	T	12:g.49449059C>T	ENST00000301067.7:c.49G>A	0.63		50	29		109	617	1/54		Uncertain_significance			75.0		1315.0	267.0	0.7367	No	Yes, history of prior malignancy	M0	N0	LUSC	43.26	1:DECEASED	1	Male	Current Smoker	240.0	Matched	IA	20.53333333	T1
KMT2D	Pan-Lung Cancer (TCGA, Nat Genet 2016)	TCGA-21-1079-01	Non-Small Cell Lung Cancer	Lung Squamous Cell Carcinoma	X4692_splice	OncoKB: Likely Oncogenic, level NA, resistance NA;CIViC: NA;CancerHotspot: no;3DHotspot: no			MutationAssessor: NA;SIFT: NA;Polyphen-2: NA;AlphaMissense: NA	Splice_Site	SNP	Diploid	Somatic	NA	broad.mit.edu	12	49423020	49423020	C	T	12:g.49423020C>T	ENST00000301067.7:c.14076-1G>A	0.26		10	28		83	1306			Pathogenic			71.0		965.0	965.0	0.3891	No	No	M0	N0	LUSC	31.74	1:DECEASED	1	Male	Current Reformed Smoker For > 15 Years	80.0	Matched	IIIA	43.5	T3
KMT2D	Pan-Lung Cancer (TCGA, Nat Genet 2016)	TCGA-21-1079-01	Non-Small Cell Lung Cancer	Lung Squamous Cell Carcinoma	P1005L	OncoKB: Unknown, level NA, resistance NA;CIViC: NA;CancerHotspot: no;3DHotspot: no			MutationAssessor: impact: medium, score: 5.443961398070919;SIFT: impact: deleterious_low_confidence, score: 0;Polyphen-2: impact: probably_damaging, score: 0.994;AlphaMissense: pathogenicity: benign, score: 0.1806	Missense_Mutation	SNP	Diploid	Somatic	NA	broad.mit.edu	12	49444357	49444357	G	A	12:g.49444357G>A	ENST00000301067.7:c.3014C>T	0.18		9	42		140	1306	11/54					71.0		965.0	965.0	0.3891	No	No	M0	N0	LUSC	31.74	1:DECEASED	1	Male	Current Reformed Smoker For > 15 Years	80.0	Matched	IIIA	43.5	T3
KMT2D	Pan-Lung Cancer (TCGA, Nat Genet 2016)	TCGA-21-1078-01	Non-Small Cell Lung Cancer	Lung Squamous Cell Carcinoma	Q3745*	OncoKB: Likely Oncogenic, level NA, resistance NA;CIViC: NA;CancerHotspot: no;3DHotspot: no			MutationAssessor: NA;SIFT: NA;Polyphen-2: NA;AlphaMissense: NA	Nonsense_Mutation	SNP	Diploid	Somatic	NA	broad.mit.edu	12	49427255	49427255	G	A	12:g.49427255G>A	ENST00000301067.7:c.11233C>T	0.43		6	8		17	73	39/54					77.0		474.0	474.0	0.0205	No	Yes, history of prior malignancy	M0	N0	LUSC	15.59	1:DECEASED	1	Male	Current Reformed Smoker For < Or = 15 Years	9.0	Matched	IB	2.466666667	T2
KMT2D	Pan-Lung Cancer (TCGA, Nat Genet 2016)	TCGA-21-1071-01	Non-Small Cell Lung Cancer	Lung Squamous Cell Carcinoma	P4209Tfs*124	OncoKB: Likely Oncogenic, level NA, resistance NA;CIViC: NA;CancerHotspot: no;3DHotspot: no			MutationAssessor: NA;SIFT: NA;Polyphen-2: NA;AlphaMissense: NA	Frame_Shift_Del	DEL	Gain	Somatic	---	broad.mit.edu	12	49425862	49425863	GG	-	12:g.49425862_49425863del	ENST00000301067.7:c.12625_12626del	0.22		14	50		109	171	39/54					67.0		1426.0	1426.0	0.2736	No	No	M0	N0	LUSC	46.91	1:DECEASED	1	Male	Current Smoker	90.0	Matched	IB	5.7	T2
KMT2D	Pan-Lung Cancer (TCGA, Nat Genet 2016)	TCGA-18-4083-01	Non-Small Cell Lung Cancer	Lung Squamous Cell Carcinoma	E5507D	OncoKB: Unknown, level NA, resistance NA;CIViC: NA;CancerHotspot: no;3DHotspot: no			MutationAssessor: impact: medium, score: 5.453729718525058;SIFT: impact: deleterious, score: 0;Polyphen-2: impact: probably_damaging, score: 0.998;AlphaMissense: pathogenicity: pathogenic, score: 0.9981	Missense_Mutation	SNP	Gain	Somatic	NA	broad.mit.edu	12	49415826	49415826	C	G	12:g.49415826C>G	ENST00000301067.7:c.16521G>C	0.49		164	172		189	333	53/54		Conflicting_classifications_of_pathogenicity(Likely_pathogenic(1)|Uncertain_significance(1))			63.0		188.0		0.6112	No	Yes, history of prior malignancy	M0	N1	LUSC	6.18	1:DECEASED	1	Male	Current Smoker	45.0	Matched	IIB	11.1	T2
KMT2D	Pan-Lung Cancer (TCGA, Nat Genet 2016)	TCGA-18-3416-01	Non-Small Cell Lung Cancer	Lung Squamous Cell Carcinoma	G1320*	OncoKB: Likely Oncogenic, level NA, resistance NA;CIViC: NA;CancerHotspot: no;3DHotspot: no			MutationAssessor: NA;SIFT: NA;Polyphen-2: NA;AlphaMissense: NA	Nonsense_Mutation	SNP	Diploid	Somatic	NA	broad.mit.edu	12	49442950	49442950	C	A	12:g.49442950C>A	ENST00000301067.7:c.3958G>T	0.53		8	7		22	268	12/54					83.0			956.0	0.6754	No	Yes, history of prior malignancy	M0	N1	LUSC	31.45	0:LIVING	1	Male	Current Reformed Smoker For > 15 Years	40.0	Matched	IIB	8.866666667	T2
KMT2D	Pan-Lung Cancer (TCGA, Nat Genet 2016)	TCGA-18-3414-01	Non-Small Cell Lung Cancer	Lung Squamous Cell Carcinoma	L5050R	OncoKB: Unknown, level NA, resistance NA;CIViC: NA;CancerHotspot: no;3DHotspot: no			MutationAssessor: impact: medium, score: 5.462717378134376;SIFT: impact: deleterious, score: 0;Polyphen-2: impact: probably_damaging, score: 0.998;AlphaMissense: pathogenicity: pathogenic, score: 0.9971	Missense_Mutation	SNP	Diploid	Somatic	NA	broad.mit.edu	12	49420600	49420600	A	C	12:g.49420600A>C	ENST00000301067.7:c.15149T>G	0.10		6	54		59	284	48/54					73.0		716.0		0.3907	No	No	M1	N1	LUSC	23.55	1:DECEASED	1	Male	Current Reformed Smoker For < Or = 15 Years	25.0	Matched	IV	9.466666667	T4
KMT2D	Pan-Lung Cancer (TCGA, Nat Genet 2016)	TCGA-18-3411-01	Non-Small Cell Lung Cancer	Lung Squamous Cell Carcinoma	G4272D	OncoKB: Unknown, level NA, resistance NA;CIViC: NA;CancerHotspot: no;3DHotspot: no			MutationAssessor: impact: medium, score: 5.375342703961499;SIFT: impact: deleterious_low_confidence, score: 0;Polyphen-2: impact: possibly_damaging, score: 0.878;AlphaMissense: pathogenicity: benign, score: 0.2306	Missense_Mutation	SNP	Diploid	Somatic	NA	broad.mit.edu	12	49425673	49425673	C	T	12:g.49425673C>T	ENST00000301067.7:c.12815G>A	0.43		6	8		29	258	39/54		Conflicting_classifications_of_pathogenicity(Uncertain_significance(1)|Benign(1))			63.0			1415.0	0.5275	No	No	M0	N2	LUSC	46.55	0:LIVING	1	Female	Current Smoker	50.0	Matched	IIIA	8.7	T2
KMT2D	Pan-Lung Cancer (TCGA, Nat Genet 2016)	TCGA-05-4430-01	Non-Small Cell Lung Cancer	Lung Adenocarcinoma	R2105H	OncoKB: Unknown, level NA, resistance NA;CIViC: NA;CancerHotspot: no;3DHotspot: no			MutationAssessor: impact: medium, score: 5.4488694129397475;SIFT: impact: tolerated, score: 0.09;Polyphen-2: impact: possibly_damaging, score: 0.747;AlphaMissense: pathogenicity: benign, score: 0.0972	Missense_Mutation	SNP	Gain	Somatic	NA	broad.mit.edu	12	49435239	49435239	C	T	12:g.49435239C>T	ENST00000301067.7:c.6314G>A	0.08		5	61		55	268	31/54		Conflicting_classifications_of_pathogenicity(Uncertain_significance(1)|Benign(1))		0.000058	59.0			761.0	0.0992	No	No	M0	N0	LUAD	25.0	0:LIVING	1	Female	Current Reformed Smoker For < Or = 15 Years	80.0	Matched	IB	8.933333333	T2
KMT2D	Pan-Lung Cancer (TCGA, Nat Genet 2016)	TCGA-05-4427-01	Non-Small Cell Lung Cancer	Lung Adenocarcinoma	E888K	OncoKB: Unknown, level NA, resistance NA;CIViC: NA;CancerHotspot: no;3DHotspot: no			MutationAssessor: impact: low, score: 3.905240366447673;SIFT: impact: tolerated_low_confidence, score: 0.07;Polyphen-2: impact: benign, score: 0;AlphaMissense: pathogenicity: benign, score: 0.0683	Missense_Mutation	SNP	Diploid	Somatic	NA	broad.mit.edu	12	49444804	49444804	C	T	12:g.49444804C>T	ENST00000301067.7:c.2662G>A	0.05		5	86		86	928	10/54		Uncertain_significance			65.0			791.0	0.3950	No	Yes, history of prior malignancy	M0	N1	LUAD	26.0	0:LIVING	1	Female	Current Reformed Smoker For < Or = 15 Years	8.0	Matched	IIB	30.96666667	T2
KMT2D	Pan-Lung Cancer (TCGA, Nat Genet 2016)	TCGA-05-4403-01	Non-Small Cell Lung Cancer	Lung Adenocarcinoma	P1714S	OncoKB: Unknown, level NA, resistance NA;CIViC: NA;CancerHotspot: no;3DHotspot: no			MutationAssessor: impact: low, score: 3.411928846588443;SIFT: impact: tolerated, score: 0.47;Polyphen-2: impact: benign, score: 0.007;AlphaMissense: pathogenicity: benign, score: 0.0752	Missense_Mutation	SNP	Diploid	Somatic	NA	broad.mit.edu	12	49438031	49438031	G	A	12:g.49438031G>A	ENST00000301067.7:c.5140C>T	0.33		15	31		24	120	21/54					76.0			578.0	0.0272	No	No	M0	N0	LUAD	19.0	0:LIVING	1	Male	Current Reformed Smoker For > 15 Years		Matched	IB	4.033333333	T2
KMT2D	Pan-Lung Cancer (TCGA, Nat Genet 2016)	TCGA-05-4396-01	Non-Small Cell Lung Cancer	Lung Adenocarcinoma	P745S	OncoKB: Unknown, level NA, resistance NA;CIViC: NA;CancerHotspot: no;3DHotspot: no			MutationAssessor: impact: low, score: 4.135134555718312;SIFT: impact: tolerated_low_confidence, score: 0.06;Polyphen-2: impact: benign, score: 0;AlphaMissense: pathogenicity: benign, score: 0.0925	Missense_Mutation	SNP	Diploid	Somatic	NA	broad.mit.edu	12	49445233	49445233	G	A	12:g.49445233G>A	ENST00000301067.7:c.2233C>T	0.29		12	29		48	444	10/54					76.0		303.0		0.2340	No	No	M0	N1	LUAD	10.0	1:DECEASED	1	Male	Current Reformed Smoker For > 15 Years	19.0	Matched	IIIB	14.83333333	T4
KMT2D	Pan-Lung Cancer (TCGA, Nat Genet 2016)	TCGA-05-4249-01	Non-Small Cell Lung Cancer	Lung Adenocarcinoma	P4770L	OncoKB: Unknown, level NA, resistance NA;CIViC: NA;CancerHotspot: no;3DHotspot: no			MutationAssessor: impact: low, score: 4.292581658927753;SIFT: impact: tolerated, score: 0.12;Polyphen-2: impact: benign, score: 0.057;AlphaMissense: pathogenicity: benign, score: 0.1068	Missense_Mutation	SNP	Diploid	Somatic	NA	broad.mit.edu	12	49422684	49422684	G	A	12:g.49422684G>A	ENST00000301067.7:c.14309C>T	0.27		86	231		202	289	45/54		Uncertain_significance			67.0			1158.0	0.2221	No	No	M0	N0	LUAD	38.1	0:LIVING	1	Male	Current Reformed Smoker For > 15 Years	52.0	Matched	IB	9.633333333	T2
KMT2D	Pan-Lung Cancer (TCGA, Nat Genet 2016)	LUAD-YINHD-Tumor	Non-Small Cell Lung Cancer	Lung Adenocarcinoma	E1682K	OncoKB: Unknown, level NA, resistance NA;CIViC: NA;CancerHotspot: no;3DHotspot: no			MutationAssessor: impact: medium, score: 5.454333948205843;SIFT: impact: tolerated, score: 0.14;Polyphen-2: impact: benign, score: 0.427;AlphaMissense: pathogenicity: ambiguous, score: 0.4745	Missense_Mutation	SNP	Diploid	Somatic	NA	broad.mit.edu	12	49438225	49438225	C	T	12:g.49438225C>T	ENST00000301067.7:c.5044G>A	0.06		9	144		141	2676	20/54						65.0			0.0669					LUAD			1	Male	Current Smoker	33.75	Matched	IIIB	89.13333333	
KMT2D	Pan-Lung Cancer (TCGA, Nat Genet 2016)	LUAD-YINHD-Tumor	Non-Small Cell Lung Cancer	Lung Adenocarcinoma	G4146V	OncoKB: Unknown, level NA, resistance NA;CIViC: NA;CancerHotspot: no;3DHotspot: no			MutationAssessor: impact: low, score: 4.273181784358009;SIFT: impact: deleterious_low_confidence, score: 0;Polyphen-2: impact: possibly_damaging, score: 0.864;AlphaMissense: pathogenicity: benign, score: 0.0879	Missense_Mutation	SNP	Diploid	Somatic	NA	broad.mit.edu	12	49426051	49426051	C	A	12:g.49426051C>A	ENST00000301067.7:c.12437G>T	0.11		5	41		59	2676	39/54						65.0			0.0669					LUAD			1	Male	Current Smoker	33.75	Matched	IIIB	89.13333333	
KMT2D	Pan-Lung Cancer (TCGA, Nat Genet 2016)	LUAD-S01362-Tumor	Non-Small Cell Lung Cancer	Lung Adenocarcinoma	R5501*	OncoKB: Likely Oncogenic, level NA, resistance NA;CIViC: NA;CancerHotspot: no;3DHotspot: no			MutationAssessor: NA;SIFT: NA;Polyphen-2: NA;AlphaMissense: NA	Nonsense_Mutation	SNP	Amp	Somatic	NA	broad.mit.edu	12	49415846	49415846	G	A	12:g.49415846G>A	ENST00000301067.7:c.16501C>T	0.02		14	596		292	78	53/54		Pathogenic				78.0			0.1276					LUAD			1	Female	Lifelong Non-Smoker	0.0	Matched	IIIA	2.6	
KMT2D	Pan-Lung Cancer (TCGA, Nat Genet 2016)	LUAD-S01346-Tumor	Non-Small Cell Lung Cancer	Lung Adenocarcinoma	C1430*	OncoKB: Likely Oncogenic, level NA, resistance NA;CIViC: NA;CancerHotspot: no;3DHotspot: no			MutationAssessor: NA;SIFT: NA;Polyphen-2: NA;AlphaMissense: NA	Nonsense_Mutation	DEL	ShallowDel	Somatic	---	broad.mit.edu	12	49440519	49440520	CA	-	12:g.49440519_49440520del	ENST00000301067.7:c.4290_4291del	0.33		30	61		88	350	15/54						69.0			0.4456					LUAD			1	Male	Current Smoker	40.0	Matched	IIB	11.7	
KMT2D	Pan-Lung Cancer (TCGA, Nat Genet 2016)	LUAD-RT-S01702-Tumor	Non-Small Cell Lung Cancer	Lung Adenocarcinoma	D1274N	OncoKB: Unknown, level NA, resistance NA;CIViC: NA;CancerHotspot: no;3DHotspot: no			MutationAssessor: impact: medium, score: 5.433369101636781;SIFT: impact: deleterious_low_confidence, score: 0;Polyphen-2: impact: benign, score: 0.341;AlphaMissense: pathogenicity: benign, score: 0.2488	Missense_Mutation	SNP	ShallowDel	Somatic	NA	broad.mit.edu	12	49443551	49443551	C	T	12:g.49443551C>T	ENST00000301067.7:c.3820G>A	0.12		13	93		139	461	11/54						60.0			0.3219					LUAD			1	Female	Lifelong Non-Smoker	0.0	Matched	IB	15.5	
KMT2D	Pan-Lung Cancer (TCGA, Nat Genet 2016)	LUAD-LC15C-Tumor	Non-Small Cell Lung Cancer	Lung Adenocarcinoma	P862L	OncoKB: Unknown, level NA, resistance NA;CIViC: NA;CancerHotspot: no;3DHotspot: no			MutationAssessor: impact: low, score: 3.49365503138106;SIFT: impact: tolerated_low_confidence, score: 0.1;Polyphen-2: impact: benign, score: 0.26;AlphaMissense: pathogenicity: benign, score: 0.0824	Missense_Mutation	SNP	Gain	Somatic	NA	broad.mit.edu	12	49444881	49444881	G	A	12:g.49444881G>A	ENST00000301067.7:c.2585C>T	0.27		28	77		111	334	10/54						43.0			0.5340					LUAD			1	Male	Current Reformed Smoker, Duration Not Specified	5.5	Matched	IA	11.13333333	
KMT2D	Pan-Lung Cancer (TCGA, Nat Genet 2016)	LUAD-B00859-Tumor	Non-Small Cell Lung Cancer	Lung Adenocarcinoma	P1827L	OncoKB: Unknown, level NA, resistance NA;CIViC: NA;CancerHotspot: no;3DHotspot: no			MutationAssessor: impact: low, score: 3.9847869534106173;SIFT: impact: tolerated, score: 0.1;Polyphen-2: impact: benign, score: 0;AlphaMissense: pathogenicity: benign, score: 0.06	Missense_Mutation	SNP	Gain	Somatic	NA	broad.mit.edu	12	49437199	49437199	G	A	12:g.49437199G>A	ENST00000301067.7:c.5480C>T	0.15		34	194		211	289	24/54						53.0			0.3220					LUAD			1	Female		15.0	Matched	IB	9.633333333	
KMT2D	Pan-Lung Cancer (TCGA, Nat Genet 2016)	LUAD-B00631-Tumor	Non-Small Cell Lung Cancer	Lung Adenocarcinoma	A899S	OncoKB: Unknown, level NA, resistance NA;CIViC: NA;CancerHotspot: no;3DHotspot: no			MutationAssessor: impact: low, score: 3.7741462546348923;SIFT: impact: deleterious_low_confidence, score: 0.01;Polyphen-2: impact: benign, score: 0.05;AlphaMissense: pathogenicity: benign, score: 0.0892	Missense_Mutation	SNP	Diploid	Somatic	NA	broad.mit.edu	12	49444771	49444771	C	A	12:g.49444771C>A	ENST00000301067.7:c.2695G>T	0.12		19	137		110	166	10/54		Uncertain_significance				73.0			0.2667					LUAD			1	Male	Current Reformed Smoker, Duration Not Specified	60.0	Matched	IIA	5.533333333	
